run,dec_call,t_sec,decision,action_id,parameters,confidence,decision_reasoning,intent_call,intent_t_sec,intent_current_action,intent_human_state,intent_reasoning,perception_locations
Gemini 3.5 (standard),call_0001,0.00,wait,,,,The kettle lid is currently closed. The robot must wait for the human to open the kettle lid to signal their intent to start making tea before any other actions can be taken.,call_0001,0.00,idle,idle,"The system is initialized with the kettle lid closed and the robot at home position, waiting for the human to open the kettle lid.",biscuits=unknown; cup=unknown; kettle=kettle_area; milk_container=unknown; spoon=unknown; tea_bag=unknown; water_bottle=unknown
Gemini 3.5 (standard),call_0002,6.30,act,bring_water_bottle,,1.0,"The human is currently opening the kettle lid, signaling their intent to make tea. The robot should proactively bring the water bottle from the storage area to the working area so the human can pour water into the kettle.",call_0002,6.30,open_kettle_lid,opening_lid,"The human is actively pressing the button to open the kettle lid, which will trigger the robot to bring the water bottle.",biscuits=working_area; cup=storage_area; kettle=kettle_area; milk_container=working_area; spoon=working_area; tea_bag=storage_area; water_bottle=storage_area
Gemini 3.5 (standard),call_0003,12.60,act,bring_water_bottle,,1.0,"The kettle lid is open, signaling the human's intent to make tea. The water bottle is currently in the storage basket, so the robot needs to bring it to the working area so the human can pour water into the kettle.",call_0003,12.60,bring_water_bottle,waiting,"The kettle lid is open, and the robot is moving to retrieve the water bottle from the storage basket.",biscuits=working_area; cup=storage_area; kettle=kettle_area; milk_container=working_area; spoon=working_area; tea_bag=storage_area; water_bottle=storage_area
Gemini 3.5 (standard),call_0004,18.90,act,bring_water_bottle,,1.0,"The human has opened the kettle lid, signaling their intent to make tea. The water bottle is in storage, so the robot is initiating the 'bring_water_bottle' action to deliver it to the human for pouring.",call_0004,18.90,bring_water_bottle,waiting,"The robot is grasping the water bottle to bring it to the human, who is waiting to pour water.",biscuits=working_area; cup=storage_area; kettle=kettle_area; milk_container=working_area; spoon=working_area; tea_bag=storage_area; water_bottle=storage_area
Gemini 3.5 (standard),call_0005,25.20,wait,,,,"The robot is currently executing the 'bring_water_bottle' action, lifting the water bottle from storage to deliver it to the human. We must wait for this action to complete.",call_0005,25.20,bring_water_bottle,waiting,"The robot is lifting and bringing the water bottle to the human, who is waiting to pour water into the kettle.",biscuits=working_area; cup=storage_area; kettle=kettle_area; milk_container=working_area; spoon=working_area; tea_bag=storage_area; water_bottle=storage_area
Gemini 3.5 (standard),call_0006,31.50,wait,,,,The robot is currently in the process of bringing the water bottle to the human. We must wait for this action to complete and for the human to pour the water into the kettle.,call_0006,31.50,bring_water_bottle,waiting,"The robot is delivering the water bottle to the human, who is reaching out to receive it and will pour water into the kettle next.",biscuits=working_area; cup=storage_area; kettle=kettle_area; milk_container=working_area; spoon=working_area; tea_bag=storage_area; water_bottle=working_area
Gemini 3.5 (standard),call_0007,37.80,wait,,,,The human is currently pouring water into the kettle. The robot must wait until the water is poured before it can close the lid and turn on the kettle.,call_0007,37.80,pour_water_into_kettle,pouring_water,The human has received the water bottle from the robot and is preparing to pour water into the kettle.,biscuits=working_area; cup=storage_area; kettle=kettle_area; milk_container=working_area; spoon=working_area; tea_bag=storage_area; water_bottle=working_area
Gemini 3.5 (standard),call_0008,44.10,wait,,,,The human is currently pouring water into the kettle. I must wait for them to finish pouring before I can close the lid and turn the kettle on.,call_0008,44.10,pour_water_into_kettle,pouring_water,The human is actively pouring water from the bottle into the open kettle.,biscuits=working_area; cup=storage_area; kettle=kettle_area; milk_container=working_area; spoon=working_area; tea_bag=storage_area; water_bottle=working_area
Gemini 3.5 (standard),call_0009,50.40,act,close_lid_and_turn_on,,1.0,The human has finished pouring water into the kettle. The next step is for the robot to close the kettle lid and switch it on to start boiling the water.,call_0009,50.40,close_lid_and_turn_on,idle,The human has finished pouring water and retracted their hand; the next step is to close the kettle lid and turn it on.,biscuits=working_area; cup=storage_area; kettle=kettle_area; milk_container=working_area; spoon=working_area; tea_bag=storage_area; water_bottle=storage_area
Gemini 3.5 (standard),call_0010,51.66,act,close_lid_and_turn_on,,1.0,The human has finished pouring water into the kettle. The next step is to close the kettle lid and switch it on so that the water can start boiling.,call_0009,50.40,close_lid_and_turn_on,idle,The human has finished pouring water and retracted their hand; the next step is to close the kettle lid and turn it on.,biscuits=working_area; cup=storage_area; kettle=kettle_area; milk_container=working_area; spoon=working_area; tea_bag=storage_area; water_bottle=working_area
Gemini 3.5 (standard),call_0011,52.92,act,close_lid_and_turn_on,,1.0,The human has finished pouring water into the kettle and the lid is still open. The robot should now close the kettle lid and switch it on to begin the boiling process.,call_0009,50.40,close_lid_and_turn_on,idle,The human has finished pouring water and retracted their hand; the next step is to close the kettle lid and turn it on.,biscuits=working_area; cup=storage_area; kettle=kettle_area; milk_container=working_area; spoon=working_area; tea_bag=storage_area; water_bottle=storage_area
Gemini 3.5 (standard),call_0012,55.44,act,close_lid_and_turn_on,,1.0,The human has finished pouring water into the kettle. The next step is to close the kettle lid and switch it on so the water can begin boiling.,call_0009,50.40,close_lid_and_turn_on,idle,The human has finished pouring water and retracted their hand; the next step is to close the kettle lid and turn it on.,biscuits=working_area; cup=storage_area; kettle=kettle_area; milk_container=working_area; spoon=working_area; tea_bag=storage_area; water_bottle=working_area
Gemini 3.5 (standard),call_0013,56.70,act,close_lid_and_turn_on,,1.0,The human has finished pouring water into the kettle. The next step is to close the kettle lid and turn it on to start boiling the water.,call_0010,56.70,close_lid_and_turn_on,idle,The human has finished pouring water and is setting the water bottle down; the next step is to close the kettle lid and turn it on.,biscuits=working_area; cup=storage_area; kettle=kettle_area; milk_container=working_area; spoon=working_area; tea_bag=storage_area; water_bottle=working_area
Gemini 3.5 (standard),call_0014,63.00,wait,,,,The robot is currently executing the 'close_lid_and_turn_on' action to close the kettle lid and turn it on. We must wait for this action to complete before proceeding to boil the water and setting up the workspace.,call_0011,63.00,close_lid_and_turn_on,waiting,"The robot is closing the kettle lid and will turn it on next, initiating the boiling phase.",biscuits=working_area; cup=storage_area; kettle=kettle_area; milk_container=working_area; spoon=working_area; tea_bag=storage_area; water_bottle=working_area
Gemini 3.5 (standard),call_0015,69.30,act,return_water_bottle,,1.0,"The kettle is switched on and boiling water. According to the instructions, the water bottle is no longer needed in the working area and should be returned to storage before retrieving other items for the workspace setup.",call_0012,69.30,boil_water,waiting,"The kettle lid is closed and the kettle is turned on, so the water is now boiling while the robot prepares to retrieve the remaining items.",biscuits=working_area; cup=storage_area; kettle=kettle_area; milk_container=working_area; spoon=working_area; tea_bag=storage_area; water_bottle=working_area
Gemini 3.5 (standard),call_0016,81.90,act,return_water_bottle,,1.0,"The water has been poured and the kettle is currently boiling (blue LED is on). The water bottle is no longer needed in the working area, so the robot should return it to storage before retrieving the remaining tea-making items (cup and tea bag) from storage.",call_0014,81.90,boil_water,waiting,The kettle is currently heating (blue LED on) while the human waits for the water to boil.,biscuits=working_area; cup=storage_area; kettle=kettle_area; milk_container=working_area; spoon=working_area; tea_bag=storage_area; water_bottle=working_area
Gemini 3.5 (standard),call_0017,94.50,act,return_water_bottle,,1.0,The kettle is currently boiling (blue LED is on) and the water bottle is no longer needed in the working area. The robot will return the water bottle to storage before retrieving other items.,call_0016,94.50,boil_water,waiting,"The kettle is still heating with the blue LED on, and the robot is setting up the workspace while the human waits.",biscuits=working_area; cup=storage_area; kettle=kettle_area; milk_container=working_area; spoon=working_area; tea_bag=storage_area; water_bottle=working_area
Gemini 3.5 (standard),call_0018,119.70,act,pick_and_place_item,"{""item"":""cup"",""destination"":""cup_workplace"",""safe"":""safe_pose""}",0.95,"The kettle is currently boiling, which represents dead time for the human. I will use this opportunity to bring the cup from the storage area to the working area.",call_0020,119.70,boil_water,waiting,The kettle is still boiling (blue LED is on) while the human waits for it to finish.,biscuits=working_area; cup=storage_area; kettle=kettle_area; milk_container=working_area; spoon=working_area; tea_bag=storage_area; water_bottle=storage_area
Gemini 3.5 (standard),call_0019,126.00,act,pick_and_place_item,"{""item"":""cup"",""destination"":""cup_workplace"",""safe"":""safe""}",0.95,"The kettle is currently boiling water, which is a perfect window of dead time to proactively bring the remaining items from storage to the working area. I will start by bringing the cup to its workplace.",call_0021,126.00,boil_water,waiting,"The kettle is still heating the water as indicated by the active blue LED, and the human is waiting.",biscuits=working_area; cup=storage_area; kettle=kettle_area; milk_container=working_area; spoon=working_area; tea_bag=storage_area; water_bottle=storage_area
Gemini 3.5 (standard),call_0020,132.31,act,pick_and_place_item,"{""item"":""cup"",""destination"":""cup_workplace"",""safe"":""safe""}",0.95,"The kettle is currently boiling the water (blue LED is on). This is the perfect time to retrieve the remaining items from storage. The robot is already positioned to pick the cup, so we will execute the pick_and_place_item action for the cup to bring it to the workspace.",call_0022,132.31,boil_water,waiting,"The kettle is still heating the water with the blue LED on, while the robot is in the middle of setting up the workspace by retrieving the cup.",biscuits=working_area; cup=storage_area; kettle=kettle_area; milk_container=working_area; spoon=working_area; tea_bag=storage_area; water_bottle=storage_area
Gemini 3.5 (standard),call_0021,139.87,wait,,,,The robot is currently in the middle of placing the cup onto the workspace. We must wait for this action to complete before retrieving the tea bag from storage.,call_0023,138.60,boil_water,waiting,"The kettle is still boiling with the blue LED on, while the robot continues to retrieve the cup to set up the workspace.",biscuits=working_area; cup=working_area; kettle=kettle_area; milk_container=working_area; spoon=working_area; tea_bag=storage_area; water_bottle=storage_area
Gemini 3.5 (standard),call_0022,144.91,act,pick_and_place_item,"{""item"":""tea_bag"",""destination"":""tea_bag_workplace"",""safe"":""safe""}",0.95,"The kettle is currently boiling water, which is a perfect opportunity to retrieve the remaining tea bag from storage and place it in the working area so that all ingredients are ready when the water finishes boiling.",call_0024,144.91,boil_water,adding_ingredient,"The kettle is still boiling with the blue LED on, while the human proactively opens the milk container and the robot places the cup.",biscuits=working_area; cup=working_area; kettle=kettle_area; milk_container=working_area; spoon=working_area; tea_bag=storage_area; water_bottle=storage_area
Gemini 3.5 (standard),call_0023,151.21,act,pick_and_place_item,"{""item"":""tea_bag"",""destination"":""tea_bag_workplace"",""safe"":""safe""}",0.9,"The kettle is currently boiling, which is the perfect window to retrieve the remaining ingredients. The tea bag is still in the storage area, so the robot will bring it to the working area now.",call_0025,151.21,boil_water,adding_ingredient,"The kettle is still boiling with the blue LED on, while the human prepares the ingredients in the cup.",biscuits=working_area; cup=working_area; kettle=kettle_area; milk_container=working_area; spoon=working_area; tea_bag=storage_area; water_bottle=storage_area
Gemini 3.5 (standard),call_0024,153.73,act,pick_and_place_item,"{""item"":""cup"",""destination"":""cup_workplace"",""safe"":""safe_pose""}",0.95,"The kettle is currently boiling, which is a perfect window to bring the remaining items from storage. The cup is still in the storage basket, so I will bring it to the working area now.",call_0025,151.21,boil_water,adding_ingredient,"The kettle is still boiling with the blue LED on, while the human prepares the ingredients in the cup.",biscuits=working_area; cup=storage_area; kettle=kettle_area; milk_container=working_area; spoon=working_area; tea_bag=storage_area; water_bottle=storage_area
Gemini 3.5 (standard),call_0025,176.41,wait,,,,"The water has boiled and the workspace is set up. The human is now preparing the tea (adding the tea bag, pouring water, adding milk, and stirring). The robot should wait for the human to finish preparing and enjoying the tea before starting the cleanup phase.",call_0029,176.41,prepare_tea,waiting,"The kettle has finished boiling (blue LED is off), and the human is waiting to begin preparing the tea in the cup.",biscuits=working_area; cup=working_area; kettle=kettle_area; milk_container=working_area; spoon=working_area; tea_bag=other; water_bottle=storage_area
Gemini 3.5 (standard),call_0026,186.49,wait,,,,The human is currently preparing the tea in the cup. The robot has completed setting up the workspace and must wait for the human to finish preparing and enjoying their tea before starting the cleanup phase.,call_0030,182.71,prepare_tea,waiting,The human has placed the cup in the working area and is waiting to prepare the tea while the robot finishes handling the tea bag container.,biscuits=working_area; cup=working_area; kettle=kettle_area; milk_container=working_area; spoon=working_area; tea_bag=working_area; water_bottle=storage_area
Gemini 3.5 (standard),call_0027,189.01,wait,,,,The human is currently preparing the tea in the cup. The robot should wait until the preparation is complete before starting the cleanup phase to avoid interfering with the human's workspace.,call_0031,189.01,prepare_tea,adding_ingredient,The human is preparing the tea by taking the tea bag container while the robot has finished setting up the workspace.,biscuits=working_area; cup=working_area; kettle=kettle_area; milk_container=working_area; spoon=working_area; tea_bag=working_area; water_bottle=storage_area
Gemini 3.5 (standard),call_0028,195.31,wait,,,,The human is currently preparing the tea by adding ingredients. The robot must wait for the human to finish preparing the tea before starting the cleanup phase.,call_0032,195.31,prepare_tea,adding_ingredient,The human is opening the tea bag container to add a tea bag to the cup as part of preparing the tea.,biscuits=working_area; cup=working_area; kettle=kettle_area; milk_container=working_area; spoon=working_area; tea_bag=working_area; water_bottle=storage_area
Gemini 3.5 (standard),call_0029,201.61,wait,,,,The human is currently preparing the tea by placing the tea bag into the cup. The robot must wait for the human to finish preparing and enjoying the tea before starting the cleanup phase.,call_0033,201.61,prepare_tea,adding_ingredient,The human is placing the tea bag into the cup as part of preparing the tea.,biscuits=working_area; cup=working_area; kettle=kettle_area; milk_container=working_area; spoon=working_area; tea_bag=working_area; water_bottle=storage_area
Gemini 3.5 (standard),call_0030,207.91,wait,,,,The human is currently pouring the boiled water into the cup to prepare the tea. The robot should wait until the human finishes preparing and enjoying their tea before starting the cleanup phase.,call_0034,207.91,prepare_tea,pouring_water,The human is grasping the kettle to pour hot water into the cup to prepare the tea.,biscuits=working_area; cup=working_area; kettle=kettle_area; milk_container=working_area; spoon=working_area; tea_bag=working_area; water_bottle=storage_area
Gemini 3.5 (standard),call_0031,214.21,wait,,,,The human is currently pouring the boiled water into the cup to prepare the tea. The robot should wait for the human to finish preparing and enjoying the tea before starting the cleanup phase.,call_0035,214.21,prepare_tea,pouring_water,The human is pouring boiled water from the kettle into the cup to prepare the tea.,biscuits=working_area; cup=working_area; kettle=kettle_area; milk_container=working_area; spoon=working_area; tea_bag=working_area; water_bottle=storage_area
Gemini 3.5 (standard),call_0032,220.51,wait,,,,"The human is currently preparing the tea (adding milk, stirring, etc.). The robot must wait for the human to finish preparing and enjoying the tea before starting the cleanup phase.",call_0036,220.51,prepare_tea,idle,"The human has finished pouring the boiled water into the cup and has placed the kettle back on the table, preparing to add the next ingredients.",biscuits=working_area; cup=working_area; kettle=kettle_area; milk_container=working_area; spoon=working_area; tea_bag=working_area; water_bottle=storage_area
Gemini 3.5 (standard),call_0033,226.81,act,pick_and_place_item,"{""item"":""cup"",""destination"":""cup_workplace"",""safe"":""safe""}",0.9,The cup is still in the storage area (inside the blue basket) while the human is preparing tea. The robot needs to bring the cup to the working area so the human can use it.,call_0037,226.81,prepare_tea,adding_ingredient,"The human is currently steeping the tea bag in the hot water, continuing the tea preparation process.",biscuits=working_area; cup=storage_area; kettle=kettle_area; milk_container=working_area; spoon=working_area; tea_bag=working_area; water_bottle=storage_area
Gemini 3.5 (standard),call_0034,238.15,wait,,,,The human is currently stirring the tea to prepare it. The robot must wait for the preparation phase to finish before starting the cleanup phase.,call_0038,233.11,prepare_tea,stirring,"The human is currently stirring the tea in the cup, continuing the tea preparation process.",biscuits=working_area; cup=working_area; kettle=kettle_area; milk_container=working_area; spoon=working_area; tea_bag=working_area; water_bottle=storage_area
Gemini 3.5 (standard),call_0035,239.41,wait,,,,"The human is currently stirring the tea, which is part of the 'prepare_tea' step. The robot must wait for the human to finish preparing the tea before starting the cleanup phase.",call_0039,239.41,prepare_tea,stirring,"The human is still stirring the tea in the cup, continuing the preparation phase while the robot holds the tea bag container.",biscuits=working_area; cup=storage_area; kettle=kettle_area; milk_container=working_area; spoon=working_area; tea_bag=working_area; water_bottle=storage_area
Gemini 3.5 (standard),call_0036,241.93,wait,,,,"The human is currently stirring the tea, which is part of the preparation phase. The robot should wait until the human finishes preparing and enjoying the tea before initiating the cleanup phase.",call_0039,239.41,prepare_tea,stirring,"The human is still stirring the tea in the cup, continuing the preparation phase while the robot holds the tea bag container.",biscuits=working_area; cup=storage_area; kettle=kettle_area; milk_container=working_area; spoon=working_area; tea_bag=working_area; water_bottle=storage_area
Gemini 3.5 (standard),call_0037,244.45,wait,,,,The human is still stirring and preparing their tea. The robot should wait until the preparation is complete before initiating the cleanup phase.,call_0039,239.41,prepare_tea,stirring,"The human is still stirring the tea in the cup, continuing the preparation phase while the robot holds the tea bag container.",biscuits=working_area; cup=working_area; kettle=kettle_area; milk_container=working_area; spoon=working_area; tea_bag=storage_area; water_bottle=storage_area
Gemini 3.5 (standard),call_0038,258.31,act,return_item_to_storage,"{""item"":""tea_bag"",""destination"":""tea_bag_storage"",""safe"":""home""}",0.9,The human is finishing the tea preparation (stirring). I will start the cleanup process by returning the tea bag container to storage.,call_0042,258.31,task_complete,Other,"The robot has successfully returned the tea bag container to the storage basket and returned to its home position, completing the cleanup phase.",biscuits=working_area; cup=working_area; kettle=kettle_area; milk_container=storage_area; spoon=working_area; tea_bag=storage_area; water_bottle=storage_area
Gemini 3.5 (standard),call_0039,264.61,wait,,,,The tea preparation task is complete and all cleanup steps have been finished. The robot is now waiting for further instructions or a new task.,call_0043,264.61,task_complete,done,"The human has finished preparing the tea and left the workspace, completing the entire task.",biscuits=working_area; cup=working_area; kettle=kettle_area; milk_container=storage_area; spoon=working_area; tea_bag=storage_area; water_bottle=storage_area
Gemini 3.1 Pro (standard),call_0001,0.00,wait,,,,The kettle lid is currently closed. I must wait for the human to open the kettle lid to signal their intent to make tea before I can proceed with bringing the water bottle.,call_0001,0.00,idle,idle,The system is initialized and waiting for the human to open the kettle lid to signal intent.,biscuits=unknown; cup=unknown; kettle=kettle_area; milk_container=unknown; spoon=unknown; tea_bag=unknown; water_bottle=unknown
Gemini 3.1 Pro (standard),call_0002,6.30,act,bring_water_bottle,,0.95,"The human is opening the kettle lid, indicating they are ready to pour water. The water bottle is currently in storage, so the robot should bring it to the working area.",call_0002,6.30,open_kettle_lid,opening_lid,The human is opening the kettle lid to signal intent to make tea; the robot should prepare to bring the water bottle from storage.,biscuits=working_area; cup=storage_area; kettle=kettle_area; milk_container=working_area; spoon=working_area; tea_bag=storage_area; water_bottle=storage_area
Gemini 3.1 Pro (standard),call_0003,12.60,act,bring_water_bottle,,1.0,"The human has opened the kettle lid and is waiting. The water bottle is currently in the storage area, so I will bring it to the working area so the human can pour water into the kettle.",call_0003,12.60,bring_water_bottle,waiting,The human has opened the kettle lid and is now waiting for the robot to bring the water bottle from storage.,biscuits=working_area; cup=storage_area; kettle=kettle_area; milk_container=working_area; spoon=working_area; tea_bag=storage_area; water_bottle=storage_area
Gemini 3.1 Pro (standard),call_0004,18.90,wait,,,,The robot is currently executing the action to bring the water bottle to the working area. We must wait for this action to complete before proceeding.,call_0004,18.90,bring_water_bottle,waiting,"The robot is reaching for the water bottle in the storage area to bring it to the human, who is waiting with the kettle lid open.",biscuits=working_area; cup=storage_area; kettle=kettle_area; milk_container=working_area; spoon=working_area; tea_bag=storage_area; water_bottle=storage_area
Gemini 3.1 Pro (standard),call_0005,25.20,wait,,,,The robot is currently bringing the water bottle to the human. I will wait for this action to complete so the human can pour the water into the kettle.,call_0005,25.20,bring_water_bottle,waiting,"The robot has grasped the water bottle and is lifting it to bring it to the human, who is waiting.",biscuits=working_area; cup=storage_area; kettle=kettle_area; milk_container=working_area; spoon=working_area; tea_bag=storage_area; water_bottle=storage_area
Gemini 3.1 Pro (standard),call_0006,31.50,wait,,,,The robot is currently bringing the water bottle to the human. I need to wait for the human to take the bottle and pour the water into the kettle.,call_0006,31.50,bring_water_bottle,waiting,"The robot is moving the water bottle towards the human, who is waiting to receive it to pour water into the kettle.",biscuits=working_area; cup=storage_area; kettle=kettle_area; milk_container=working_area; spoon=working_area; tea_bag=storage_area; water_bottle=working_area
Gemini 3.1 Pro (standard),call_0007,37.80,wait,,,,The human is currently pouring water into the kettle. I must wait for them to finish before I can close the lid and turn the kettle on.,call_0007,37.80,pour_water_into_kettle,pouring_water,The human has successfully received the water bottle from the robot and is now preparing to pour water into the kettle.,biscuits=working_area; cup=storage_area; kettle=kettle_area; milk_container=working_area; spoon=working_area; tea_bag=storage_area; water_bottle=working_area
Gemini 3.1 Pro (standard),call_0008,44.10,wait,,,,The human is currently pouring water into the kettle. I must wait for them to finish and move their hand away before I can close the lid and turn the kettle on.,call_0008,44.10,pour_water_into_kettle,pouring_water,The human is currently pouring water into the kettle; the next logical step is to close the lid and turn the kettle on.,biscuits=working_area; cup=storage_area; kettle=kettle_area; milk_container=working_area; spoon=working_area; tea_bag=storage_area; water_bottle=working_area
Gemini 3.1 Pro (standard),call_0009,50.40,act,close_lid_and_turn_on,,0.95,The human has finished pouring water into the kettle and moved away. The robot should now close the kettle lid and turn it on to start boiling the water.,call_0009,50.40,close_lid_and_turn_on,idle,The human has finished pouring water and moved their hand away; the robot should now close the kettle lid and turn it on.,biscuits=working_area; cup=storage_area; kettle=kettle_area; milk_container=working_area; spoon=working_area; tea_bag=storage_area; water_bottle=storage_area
Gemini 3.1 Pro (standard),call_0010,51.66,act,close_lid_and_turn_on,,0.95,The human has finished pouring water into the kettle. The robot should now close the kettle lid and turn it on to start boiling the water.,call_0009,50.40,close_lid_and_turn_on,idle,The human has finished pouring water and moved their hand away; the robot should now close the kettle lid and turn it on.,biscuits=working_area; cup=storage_area; kettle=kettle_area; milk_container=working_area; spoon=working_area; tea_bag=storage_area; water_bottle=working_area
Gemini 3.1 Pro (standard),call_0011,52.92,act,close_lid_and_turn_on,,0.95,The human has finished pouring water into the kettle and moved their hands away. The kettle lid is open and it needs to be closed and turned on to start boiling the water.,call_0009,50.40,close_lid_and_turn_on,idle,The human has finished pouring water and moved their hand away; the robot should now close the kettle lid and turn it on.,biscuits=working_area; cup=storage_area; kettle=kettle_area; milk_container=working_area; spoon=working_area; tea_bag=storage_area; water_bottle=storage_area
Gemini 3.1 Pro (standard),call_0012,55.44,act,close_lid_and_turn_on,,0.95,The human has finished pouring water into the kettle and moved away. The lid is open and the kettle is off. I should close the lid and turn the kettle on to start boiling the water.,call_0009,50.40,close_lid_and_turn_on,idle,The human has finished pouring water and moved their hand away; the robot should now close the kettle lid and turn it on.,biscuits=working_area; cup=storage_area; kettle=kettle_area; milk_container=working_area; spoon=working_area; tea_bag=storage_area; water_bottle=working_area
Gemini 3.1 Pro (standard),call_0013,56.70,act,close_lid_and_turn_on,,0.95,The human has finished pouring water into the kettle and placed the bottle down. The robot should now close the kettle lid and turn it on to start boiling the water.,call_0010,56.70,close_lid_and_turn_on,idle,The human has finished pouring water and placed the bottle on the table; the robot is now expected to close the kettle lid.,biscuits=working_area; cup=storage_area; kettle=kettle_area; milk_container=working_area; spoon=working_area; tea_bag=storage_area; water_bottle=working_area
Gemini 3.1 Pro (standard),call_0014,100.80,act,return_water_bottle,,1.0,"The water has been poured and the kettle is boiling. The water bottle is no longer needed in the working area, so the robot should return it to storage before bringing other items.",call_0017,100.80,setup_workspace,waiting,The kettle is still boiling and the robot is holding the water bottle in the workspace; the human is waiting for the water to boil to prepare the tea.,biscuits=working_area; cup=storage_area; kettle=kettle_area; milk_container=working_area; spoon=working_area; tea_bag=storage_area; water_bottle=working_area
Gemini 3.1 Pro (standard),call_0015,105.84,act,return_water_bottle,,1.0,"The water has been poured and the kettle is currently boiling. The water bottle is no longer needed, so the robot should return it to storage to free up its gripper for bringing the remaining tea ingredients to the workspace.",call_0017,100.80,setup_workspace,waiting,The kettle is still boiling and the robot is holding the water bottle in the workspace; the human is waiting for the water to boil to prepare the tea.,biscuits=working_area; cup=storage_area; kettle=kettle_area; milk_container=working_area; spoon=working_area; tea_bag=storage_area; water_bottle=storage_area
Gemini 3.1 Pro (standard),call_0016,107.10,wait,,,,The robot is currently holding the water bottle and returning it to the storage area. I will wait for this action to complete before fetching the next item for the workspace setup.,call_0018,107.10,setup_workspace,waiting,The robot is returning the water bottle to the storage area while the kettle continues to boil; the human remains waiting.,biscuits=working_area; cup=storage_area; kettle=kettle_area; milk_container=working_area; spoon=working_area; tea_bag=storage_area; water_bottle=storage_area
Gemini 3.1 Pro (standard),call_0017,113.40,wait,,,,The robot is currently holding the water bottle and placing it back into the storage area. I must wait for this action to complete before commanding it to retrieve the next item.,call_0019,113.40,setup_workspace,waiting,The robot is placing the water bottle back into the storage basket while the kettle continues to boil; the human is waiting.,biscuits=working_area; cup=storage_area; kettle=kettle_area; milk_container=working_area; spoon=working_area; tea_bag=storage_area; water_bottle=storage_area
Gemini 3.1 Pro (standard),call_0018,119.70,act,pick_and_place_item,"{""item"":""cup"",""destination"":""cup_workplace"",""safe"":""safe_pose""}",1.0,"The kettle is currently boiling, which is dead time for the human. The robot should continue setting up the workspace by bringing the cup from storage to the working area.",call_0020,119.70,setup_workspace,waiting,"The robot has placed the water bottle in storage and is now moving to fetch the cup, while the kettle continues to boil and the human waits.",biscuits=working_area; cup=storage_area; kettle=kettle_area; milk_container=working_area; spoon=working_area; tea_bag=storage_area; water_bottle=storage_area
Gemini 3.1 Pro (standard),call_0019,126.00,act,pick_and_place_item,"{""item"":""cup"",""destination"":""cup_workplace"",""safe"":""safe_pose""}",1.0,"The kettle is currently boiling, which is dead time for the human. The cup is still in storage, so I will proactively bring it to the working area to prepare for the next step.",call_0021,126.00,setup_workspace,waiting,The kettle continues to boil water (blue LED on) while the human waits; the robot is currently stationary at its home position with the cup and tea bag still in storage.,biscuits=working_area; cup=storage_area; kettle=kettle_area; milk_container=working_area; spoon=working_area; tea_bag=storage_area; water_bottle=storage_area
Gemini 3.1 Pro (standard),call_0020,132.31,wait,,,,The robot is currently in the middle of picking up the cup from storage to bring it to the working area. I will wait for this action to complete before issuing the next command.,call_0022,132.31,setup_workspace,waiting,The kettle is still boiling (blue LED on) while the robot actively retrieves the cup from storage to continue setting up the workspace.,biscuits=working_area; cup=storage_area; kettle=kettle_area; milk_container=working_area; spoon=working_area; tea_bag=storage_area; water_bottle=storage_area
Gemini 3.1 Pro (standard),call_0021,138.60,wait,,,,The robot is currently holding the cup and moving it to the working area. I must wait for this action to complete before issuing the next command.,call_0023,138.60,setup_workspace,waiting,The kettle continues to boil (blue LED on) while the robot moves the cup to the working area as part of the workspace setup.,biscuits=working_area; cup=storage_area; kettle=kettle_area; milk_container=working_area; spoon=working_area; tea_bag=storage_area; water_bottle=storage_area
Gemini 3.1 Pro (standard),call_0022,139.87,wait,,,,The robot is currently moving the cup to the working area. We must wait for this action to complete before fetching the next item.,call_0023,138.60,setup_workspace,waiting,The kettle continues to boil (blue LED on) while the robot moves the cup to the working area as part of the workspace setup.,biscuits=working_area; cup=working_area; kettle=kettle_area; milk_container=working_area; spoon=working_area; tea_bag=storage_area; water_bottle=storage_area
Gemini 3.1 Pro (standard),call_0023,158.77,act,pick_and_place_item,"{""item"":""tea_bag"",""destination"":""tea_bag_workplace"",""safe"":""safe_retreat""}",0.95,"The tea bag is still in the storage area. The kettle is currently boiling and the human is busy adding milk, which provides a good window for the robot to fetch the remaining ingredient (tea bag) to the working area.",call_0026,157.51,prepare_tea,adding_ingredient,The human is adding powdered milk to the cup while the kettle continues to boil water.,biscuits=working_area; cup=working_area; kettle=kettle_area; milk_container=working_area; spoon=working_area; tea_bag=storage_area; water_bottle=storage_area
Gemini 3.1 Pro (standard),call_0024,178.93,wait,,,,The robot is currently holding the tea bag container and moving it to the workspace. I will wait for this action to complete before issuing the next command.,call_0029,176.41,setup_workspace,waiting,The robot is bringing the tea bag container to the workspace while the kettle continues to boil; the human is waiting for the ingredients.,biscuits=working_area; cup=working_area; kettle=kettle_area; milk_container=working_area; spoon=working_area; tea_bag=storage_area; water_bottle=storage_area
Gemini 3.1 Pro (standard),call_0025,186.49,wait,,,,"The robot is currently placing the tea bag container in the working area, completing the setup phase. We should wait for this action to finish and for the kettle to finish boiling before proceeding.",call_0030,182.71,setup_workspace,waiting,The robot is completing the workspace setup by placing the tea bag container on the table while the kettle continues to boil.,biscuits=working_area; cup=working_area; kettle=kettle_area; milk_container=working_area; spoon=working_area; tea_bag=working_area; water_bottle=storage_area
Gemini 3.1 Pro (standard),call_0026,189.01,wait,,,,The robot is currently handing over the tea bag container to the human. We should wait for this interaction to complete and for the water to finish boiling before taking further action.,call_0031,189.01,setup_workspace,adding_ingredient,"The robot is delivering the tea bag container to the workspace, and the human is reaching for it to begin preparing the tea.",biscuits=working_area; cup=working_area; kettle=kettle_area; milk_container=working_area; spoon=working_area; tea_bag=working_area; water_bottle=storage_area
Gemini 3.1 Pro (standard),call_0027,195.31,wait,,,,All ingredients and tools have been brought to the working area. The kettle is still boiling and the human is currently preparing the tea. I will wait until the tea preparation is complete before starting the cleanup phase.,call_0032,195.31,prepare_tea,adding_ingredient,The human has received the tea bag container and is extracting a tea bag to add to the cup while the kettle continues boiling.,biscuits=working_area; cup=working_area; kettle=kettle_area; milk_container=working_area; spoon=working_area; tea_bag=working_area; water_bottle=storage_area
Gemini 3.1 Pro (standard),call_0028,201.61,wait,,,,The human is currently preparing the tea by placing the tea bag into the cup. The kettle is still boiling the water. All necessary items have been brought to the working area. I should wait for the human to finish preparing the tea before initiating cleanup.,call_0033,201.61,prepare_tea,adding_ingredient,The human is placing the tea bag into the cup while the kettle continues to boil the water.,biscuits=working_area; cup=working_area; kettle=kettle_area; milk_container=working_area; spoon=working_area; tea_bag=working_area; water_bottle=storage_area
Gemini 3.1 Pro (standard),call_0029,207.91,wait,,,,The human is currently pouring hot water into the cup to prepare the tea. I should wait until they finish preparing the tea before starting the cleanup phase.,call_0034,207.91,prepare_tea,operating_kettle,The kettle has finished boiling (LED is off) and the human is grabbing it to pour hot water into the cup.,biscuits=working_area; cup=working_area; kettle=kettle_area; milk_container=working_area; spoon=working_area; tea_bag=working_area; water_bottle=storage_area
Gemini 3.1 Pro (standard),call_0030,214.21,wait,,,,The human is currently pouring boiled water into the cup to prepare the tea. I should wait until the human finishes preparing the tea before starting the cleanup phase.,call_0035,214.21,prepare_tea,pouring_water,"The human is pouring boiled water into the cup, which is a sub-step of preparing the tea.",biscuits=working_area; cup=working_area; kettle=kettle_area; milk_container=working_area; spoon=working_area; tea_bag=working_area; water_bottle=storage_area
Gemini 3.1 Pro (standard),call_0031,220.51,wait,,,,"The human is currently preparing the tea (adding milk, stirring). I should wait until they finish before starting the cleanup phase.",call_0036,220.51,prepare_tea,idle,"The human has finished pouring boiled water into the cup and placed the kettle back on the table, continuing the tea preparation phase.",biscuits=working_area; cup=working_area; kettle=kettle_area; milk_container=working_area; spoon=working_area; tea_bag=working_area; water_bottle=storage_area
Gemini 3.1 Pro (standard),call_0032,224.29,wait,,,,The human is currently preparing or drinking the tea. I should wait until they are finished before starting the cleanup process.,call_0036,220.51,prepare_tea,idle,"The human has finished pouring boiled water into the cup and placed the kettle back on the table, continuing the tea preparation phase.",biscuits=working_area; cup=storage_area; kettle=kettle_area; milk_container=working_area; spoon=working_area; tea_bag=working_area; water_bottle=storage_area
Gemini 3.1 Pro (standard),call_0033,240.67,act,return_item_to_storage,"{""item"":""tea_bag"",""destination"":""tea_bag_storage"",""safe"":""home""}",0.9,The human is finishing the tea preparation (stirring). I will start the cleanup process by returning the tea bag container to storage.,call_0039,239.41,cleanup,done,"The human has finished preparing the tea, and the robot is actively returning the tea bag container to the storage area as part of the cleanup phase.",biscuits=working_area; cup=working_area; kettle=kettle_area; milk_container=working_area; spoon=working_area; tea_bag=working_area; water_bottle=storage_area
Gemini 3.1 Pro (standard),call_0034,241.93,act,return_item_to_storage,"{""item"":""tea_bag"",""destination"":""tea_bag_storage"",""safe"":""home""}",0.9,The human is finishing the tea preparation (stirring). I will start the cleanup process by returning the tea bag container to storage.,call_0039,239.41,cleanup,done,"The human has finished preparing the tea, and the robot is actively returning the tea bag container to the storage area as part of the cleanup phase.",biscuits=working_area; cup=storage_area; kettle=kettle_area; milk_container=working_area; spoon=working_area; tea_bag=working_area; water_bottle=storage_area
Gemini 3.1 Pro (standard),call_0035,243.19,act,return_item_to_storage,"{""item"":""tea_bag"",""destination"":""tea_bag_storage"",""safe"":""home""}",0.9,The human is finishing the tea preparation (stirring). I will start the cleanup process by returning the tea bag container to storage.,call_0039,239.41,cleanup,done,"The human has finished preparing the tea, and the robot is actively returning the tea bag container to the storage area as part of the cleanup phase.",biscuits=working_area; cup=working_area; kettle=kettle_area; milk_container=working_area; spoon=working_area; tea_bag=working_area; water_bottle=storage_area
Gemini 3.1 Pro (standard),call_0036,244.45,act,return_item_to_storage,"{""item"":""tea_bag"",""destination"":""tea_bag_storage"",""safe"":""home""}",0.9,The human is finishing the tea preparation (stirring). I will start the cleanup process by returning the tea bag container to storage.,call_0039,239.41,cleanup,done,"The human has finished preparing the tea, and the robot is actively returning the tea bag container to the storage area as part of the cleanup phase.",biscuits=working_area; cup=working_area; kettle=kettle_area; milk_container=working_area; spoon=working_area; tea_bag=storage_area; water_bottle=storage_area
Gemini 3.1 Pro (standard),call_0037,249.49,act,return_item_to_storage,"{""item"":""tea_bag"",""destination"":""tea_bag_storage"",""safe"":""home""}",0.9,The human is finishing the tea preparation (stirring). I will start the cleanup process by returning the tea bag container to storage.,call_0040,245.71,cleanup,done,"The robot is returning the tea bag container to the storage area, continuing the cleanup phase after the human has finished preparing the tea.",biscuits=working_area; cup=working_area; kettle=kettle_area; milk_container=storage_area; spoon=working_area; tea_bag=storage_area; water_bottle=storage_area
Gemini 3.1 Pro (standard),call_0038,264.61,wait,,,,"The task is complete. The human has taken the tea and left, and all items have been returned to storage.",call_0043,264.61,task_complete,done,"The human has taken the prepared tea and left the workspace, and all items have been returned to storage, marking the task as complete.",biscuits=working_area; cup=working_area; kettle=kettle_area; milk_container=storage_area; spoon=working_area; tea_bag=storage_area; water_bottle=storage_area
Gemini 3.1 Flash-Lite (prev GT),call_0001,0.00,act,bring_water_bottle,,1.0,"The human has opened the kettle lid, signaling the start of the task. The next step is to provide the water bottle so the human can pour water into the kettle.",call_0001,0.00,open_kettle_lid,opening_lid,"The human has opened the kettle lid, signaling the start of the tea-making process.",biscuits=unknown; cup=unknown; kettle=kettle_area; milk_container=unknown; spoon=unknown; tea_bag=unknown; water_bottle=unknown
Gemini 3.1 Flash-Lite (prev GT),call_0002,6.30,act,bring_water_bottle,,1.0,"The human has opened the kettle lid, signaling the start of the task. The next logical step is to bring the water bottle from storage to the human so they can pour the water.",call_0002,6.30,open_kettle_lid,opening_lid,"The human has opened the kettle lid, signaling the start of the tea-making process.",biscuits=working_area; cup=storage_area; kettle=kettle_area; milk_container=working_area; spoon=working_area; tea_bag=storage_area; water_bottle=storage_area
Gemini 3.1 Flash-Lite (prev GT),call_0003,12.60,act,bring_water_bottle,,1.0,"The human has opened the kettle lid, signaling the start of the tea-making process. The robot must now bring the water bottle to the human so they can pour the water.",call_0003,12.60,bring_water_bottle,waiting,"The kettle lid is open, signaling the start of the tea-making process; the robot needs to bring the water bottle to the human.",biscuits=working_area; cup=storage_area; kettle=kettle_area; milk_container=working_area; spoon=working_area; tea_bag=storage_area; water_bottle=storage_area
Gemini 3.1 Flash-Lite (prev GT),call_0004,18.90,act,bring_water_bottle,,1.0,"The human has opened the kettle lid, signalling the start of the tea-making process. The robot must now bring the water bottle to the human so they can pour the water.",call_0004,18.90,bring_water_bottle,waiting,The kettle lid is open and the robot is currently positioned to retrieve the water bottle for the human to pour.,biscuits=working_area; cup=storage_area; kettle=kettle_area; milk_container=working_area; spoon=working_area; tea_bag=storage_area; water_bottle=storage_area
Gemini 3.1 Flash-Lite (prev GT),call_0005,25.20,act,bring_water_bottle,,1.0,"The human has opened the kettle lid, signaling the start of the tea-making task. The robot must now bring the water bottle to the working area so the human can pour the water into the kettle.",call_0005,25.20,bring_water_bottle,waiting,"The robot is currently holding the water bottle to bring it to the human, who is waiting for it to pour water into the open kettle.",biscuits=working_area; cup=storage_area; kettle=kettle_area; milk_container=working_area; spoon=working_area; tea_bag=storage_area; water_bottle=storage_area
Gemini 3.1 Flash-Lite (prev GT),call_0006,31.50,wait,,,,"The robot is currently in the process of delivering the water bottle to the human. Once the human receives the bottle and pours the water into the kettle, the next logical steps will be to close the lid, turn on the kettle, and then begin setting up the workspace with the remaining items.",call_0006,31.50,bring_water_bottle,waiting,The robot is currently holding the water bottle and moving it towards the human/working area to complete the bring_water_bottle action.,biscuits=working_area; cup=storage_area; kettle=kettle_area; milk_container=working_area; spoon=working_area; tea_bag=storage_area; water_bottle=working_area
Gemini 3.1 Flash-Lite (prev GT),call_0007,37.80,wait,,,,The robot has already brought the water bottle to the working area. The human is currently holding the water bottle and is expected to pour the water into the kettle. The robot must wait for the human to complete this action before it can proceed to close the lid and turn on the kettle.,call_0007,37.80,bring_water_bottle,waiting,The robot has successfully retrieved the water bottle and placed it in the working area; the human is now expected to pour the water into the kettle.,biscuits=working_area; cup=storage_area; kettle=kettle_area; milk_container=working_area; spoon=working_area; tea_bag=storage_area; water_bottle=working_area
Gemini 3.1 Flash-Lite (prev GT),call_0008,44.10,wait,,,,The human is currently in the process of pouring water into the kettle. I must wait for them to finish this action before I can proceed to close the lid and turn on the kettle.,call_0008,44.10,pour_water_into_kettle,pouring_water,"The human is currently pouring water into the kettle; once finished, the next logical step is to close the lid and turn the kettle on.",biscuits=working_area; cup=storage_area; kettle=kettle_area; milk_container=working_area; spoon=working_area; tea_bag=storage_area; water_bottle=working_area
Gemini 3.1 Flash-Lite (prev GT),call_0009,50.40,wait,,,,The human is currently in the process of pouring water into the kettle. I must wait for them to finish pouring before I can proceed with closing the lid and turning on the kettle.,call_0009,50.40,pour_water_into_kettle,pouring_water,"The human is currently pouring water into the kettle; once finished, the next logical step is to close the lid and turn on the kettle.",biscuits=working_area; cup=storage_area; kettle=kettle_area; milk_container=working_area; spoon=working_area; tea_bag=storage_area; water_bottle=storage_area
Gemini 3.1 Flash-Lite (prev GT),call_0010,51.66,wait,,,,The human is currently pouring water into the kettle. I must wait for them to finish and step back before I can close the lid and turn on the kettle.,call_0009,50.40,pour_water_into_kettle,pouring_water,"The human is currently pouring water into the kettle; once finished, the next logical step is to close the lid and turn on the kettle.",biscuits=working_area; cup=storage_area; kettle=kettle_area; milk_container=working_area; spoon=working_area; tea_bag=storage_area; water_bottle=working_area
Gemini 3.1 Flash-Lite (prev GT),call_0011,52.92,wait,,,,The human is currently pouring water into the kettle. I must wait for them to finish and step back before I can proceed with closing the lid and turning on the kettle.,call_0009,50.40,pour_water_into_kettle,pouring_water,"The human is currently pouring water into the kettle; once finished, the next logical step is to close the lid and turn on the kettle.",biscuits=working_area; cup=storage_area; kettle=kettle_area; milk_container=working_area; spoon=working_area; tea_bag=storage_area; water_bottle=storage_area
Gemini 3.1 Flash-Lite (prev GT),call_0012,55.44,wait,,,,The human is currently pouring water into the kettle. I must wait for them to finish pouring and step back before I can close the lid and turn on the kettle.,call_0009,50.40,pour_water_into_kettle,pouring_water,"The human is currently pouring water into the kettle; once finished, the next logical step is to close the lid and turn on the kettle.",biscuits=working_area; cup=storage_area; kettle=kettle_area; milk_container=working_area; spoon=working_area; tea_bag=storage_area; water_bottle=working_area
Gemini 3.1 Flash-Lite (prev GT),call_0013,56.70,wait,,,,The human is currently in the process of pouring water into the kettle. I must wait for them to finish pouring before I can proceed to close the lid and switch on the kettle.,call_0010,56.70,pour_water_into_kettle,pouring_water,The human is currently holding the water bottle and pouring water into the open kettle.,biscuits=working_area; cup=storage_area; kettle=kettle_area; milk_container=working_area; spoon=working_area; tea_bag=storage_area; water_bottle=working_area
Gemini 3.1 Flash-Lite (prev GT),call_0014,63.00,act,close_lid_and_turn_on,,1.0,The human has finished pouring the water into the kettle. The lid is open and the kettle is ready to be closed and switched on to begin the boiling process.,call_0011,63.00,close_lid_and_turn_on,waiting,"The human has finished pouring water, and the robot is now closing the kettle lid to initiate the boiling process.",biscuits=working_area; cup=storage_area; kettle=kettle_area; milk_container=working_area; spoon=working_area; tea_bag=storage_area; water_bottle=working_area
Gemini 3.1 Flash-Lite (prev GT),call_0015,69.30,act,close_lid_and_turn_on,,1.0,The human is closing the kettle lid after pouring water. The robot must now close the lid fully and switch on the kettle to initiate the boiling process.,call_0012,69.30,close_lid_and_turn_on,closing_lid,"The human is currently closing the kettle lid after pouring water, which will be followed by the robot switching it on to begin the boiling phase.",biscuits=working_area; cup=storage_area; kettle=kettle_area; milk_container=working_area; spoon=working_area; tea_bag=storage_area; water_bottle=working_area
Gemini 3.1 Flash-Lite (prev GT),call_0016,75.60,act,pick_and_place_item,"{""item"":""cup"",""destination"":""cup_workplace"",""safe"":""home""}",1.0,The kettle is currently boiling. I will use this time to retrieve the cup from storage to the workspace to prepare for tea making.,call_0013,75.60,boil_water,waiting,"The kettle is currently heating (blue LED on), so the robot should proceed with setting up the workspace while the human waits.",biscuits=working_area; cup=storage_area; kettle=kettle_area; milk_container=working_area; spoon=working_area; tea_bag=storage_area; water_bottle=working_area
Gemini 3.1 Flash-Lite (prev GT),call_0017,81.90,act,pick_and_place_item,"{""item"":""cup"",""destination"":""cup_workplace"",""safe"":""home""}",1.0,"The kettle is boiling, so I am proactively moving the cup from storage to the workspace to prepare for tea making.",call_0014,81.90,boil_water,waiting,"The kettle is currently boiling (blue LED is on), and the robot should now proceed to set up the workspace while waiting for the water to finish.",biscuits=working_area; cup=storage_area; kettle=kettle_area; milk_container=working_area; spoon=working_area; tea_bag=storage_area; water_bottle=working_area
Gemini 3.1 Flash-Lite (prev GT),call_0018,88.20,act,pick_and_place_item,"{""item"":""cup"",""destination"":""cup_workplace"",""safe"":""home""}",0.95,The kettle is currently boiling. I should use this time to retrieve the cup from storage to the workspace to prepare for the tea-making process.,call_0015,88.20,boil_water,waiting,"The kettle is currently heating (blue LED on), so the robot should proceed with setting up the workspace while the human waits.",biscuits=working_area; cup=storage_area; kettle=kettle_area; milk_container=working_area; spoon=working_area; tea_bag=storage_area; water_bottle=working_area
Gemini 3.1 Flash-Lite (prev GT),call_0019,94.50,act,pick_and_place_item,"{""item"":""cup"",""destination"":""cup_workplace"",""safe"":""home""}",1.0,The kettle is currently boiling. I need to proactively set up the workspace by moving the cup from storage to the working area while the human waits.,call_0016,94.50,boil_water,waiting,"The kettle is currently heating (blue LED is on), so the robot should proceed with setting up the workspace while the human waits for the water to boil.",biscuits=working_area; cup=storage_area; kettle=kettle_area; milk_container=working_area; spoon=working_area; tea_bag=storage_area; water_bottle=working_area
Gemini 3.1 Flash-Lite (prev GT),call_0020,100.80,act,return_water_bottle,,1.0,The water bottle is no longer needed as the kettle is already boiling. Returning it to storage clears the workspace to prepare for bringing the remaining items.,call_0017,100.80,boil_water,waiting,The kettle is currently boiling (blue LED on) and the robot is actively setting up the workspace by bringing items.,biscuits=working_area; cup=storage_area; kettle=kettle_area; milk_container=working_area; spoon=working_area; tea_bag=storage_area; water_bottle=working_area
Gemini 3.1 Flash-Lite (prev GT),call_0021,105.84,act,return_water_bottle,,1.0,The water has been poured and the kettle is currently heating. The water bottle is no longer needed in the working area and should be returned to storage before the robot begins setting up the other tea ingredients.,call_0017,100.80,boil_water,waiting,The kettle is currently boiling (blue LED on) and the robot is actively setting up the workspace by bringing items.,biscuits=working_area; cup=storage_area; kettle=kettle_area; milk_container=working_area; spoon=working_area; tea_bag=storage_area; water_bottle=storage_area
Gemini 3.1 Flash-Lite (prev GT),call_0022,107.10,act,pick_and_place_item,"{""item"":""cup"",""destination"":""cup_workplace"",""safe"":""home""}",1.0,"The kettle is boiling, which is the designated time to set up the workspace. I am now retrieving the cup to the working area.",call_0018,107.10,boil_water,waiting,The kettle is currently boiling (blue LED on) and the robot is in the process of setting up the workspace while the human waits.,biscuits=working_area; cup=storage_area; kettle=kettle_area; milk_container=working_area; spoon=working_area; tea_bag=storage_area; water_bottle=storage_area
Gemini 3.1 Flash-Lite (prev GT),call_0023,113.40,act,pick_and_place_item,"{""item"":""cup"",""destination"":""cup_workplace"",""safe"":""home""}",1.0,"The kettle is boiling, which is the perfect time to bring the remaining items (cup and tea bag) to the workspace so they are ready for the human.",call_0019,113.40,boil_water,waiting,The kettle is currently boiling (blue LED is on) and the robot needs to perform the setup_workspace task while waiting.,biscuits=working_area; cup=storage_area; kettle=kettle_area; milk_container=working_area; spoon=working_area; tea_bag=storage_area; water_bottle=storage_area
Gemini 3.1 Flash-Lite (prev GT),call_0024,119.70,act,pick_and_place_item,"{""item"":""cup"",""destination"":""cup_workplace"",""safe"":""home""}",1.0,The kettle is currently boiling. I am using this time to proactively move the cup from storage to the working area to prepare for tea making.,call_0020,119.70,boil_water,waiting,"The kettle is currently boiling (blue LED on), and the robot should now proceed to set up the workspace while waiting for the water to finish.",biscuits=working_area; cup=storage_area; kettle=kettle_area; milk_container=working_area; spoon=working_area; tea_bag=storage_area; water_bottle=storage_area
Gemini 3.1 Flash-Lite (prev GT),call_0025,126.00,act,pick_and_place_item,"{""item"":""cup"",""destination"":""cup_workplace"",""safe"":""home""}",0.9,"The kettle is currently boiling, which is the designated time to set up the workspace. I am retrieving the cup from storage to the working area.",call_0021,126.00,boil_water,waiting,"The kettle is currently boiling (blue LED is on), and the robot should now proceed to set up the workspace while waiting for the water to finish.",biscuits=working_area; cup=storage_area; kettle=kettle_area; milk_container=working_area; spoon=working_area; tea_bag=storage_area; water_bottle=storage_area
Gemini 3.1 Flash-Lite (prev GT),call_0026,132.31,act,pick_and_place_item,"{""item"":""cup"",""destination"":""cup_workplace"",""safe"":""safe_pose""}",1.0,The kettle is currently boiling. I am proactively moving the cup from storage to the workspace to prepare for the tea-making process.,call_0022,132.31,boil_water,waiting,The kettle is currently boiling (blue LED on) and the robot is actively retrieving items to the workspace.,biscuits=working_area; cup=storage_area; kettle=kettle_area; milk_container=working_area; spoon=working_area; tea_bag=storage_area; water_bottle=storage_area
Gemini 3.1 Flash-Lite (prev GT),call_0027,138.60,act,pick_and_place_item,"{""item"":""tea_bag"",""destination"":""tea_bag_workplace"",""safe"":""home""}",1.0,"The kettle is currently boiling, providing a perfect window to continue setting up the workspace. I am currently placing the cup, and the next logical step is to bring the tea bag to the working area.",call_0023,138.60,setup_workspace,waiting,The kettle is boiling (blue light on) and the robot is actively retrieving the cup to the working area to prepare for the next phase.,biscuits=working_area; cup=storage_area; kettle=kettle_area; milk_container=working_area; spoon=working_area; tea_bag=storage_area; water_bottle=storage_area
Gemini 3.1 Flash-Lite (prev GT),call_0028,139.87,act,pick_and_place_item,"{""item"":""tea_bag"",""destination"":""tea_bag_workplace"",""safe"":""safe_pose""}",1.0,The kettle is currently boiling. I am proactively moving the tea bag to the working area to ensure all ingredients are ready for the human once the water is boiled.,call_0023,138.60,setup_workspace,waiting,The kettle is boiling (blue light on) and the robot is actively retrieving the cup to the working area to prepare for the next phase.,biscuits=working_area; cup=working_area; kettle=kettle_area; milk_container=working_area; spoon=working_area; tea_bag=storage_area; water_bottle=storage_area
Gemini 3.1 Flash-Lite (prev GT),call_0029,144.91,act,pick_and_place_item,"{""item"":""tea_bag"",""destination"":""tea_bag_workplace"",""safe"":""home""}",1.0,"The kettle is currently boiling, which is the designated 'dead time' to retrieve remaining items from storage. The tea bag is still in storage, so I will bring it to the working area now.",call_0024,144.91,boil_water,waiting,The kettle is currently boiling (blue LED on) and the workspace setup is complete; the human is waiting for the water to boil.,biscuits=working_area; cup=working_area; kettle=kettle_area; milk_container=working_area; spoon=working_area; tea_bag=storage_area; water_bottle=storage_area
Gemini 3.1 Flash-Lite (prev GT),call_0030,151.21,wait,,,,"The kettle is currently boiling (blue LED on). The robot has already completed the workspace setup, so it should wait for the water to finish boiling before the human proceeds with preparing the tea.",call_0025,151.21,boil_water,waiting,The kettle is currently boiling (blue LED on) and the workspace setup is complete; the human is waiting for the water to finish.,biscuits=working_area; cup=working_area; kettle=kettle_area; milk_container=working_area; spoon=working_area; tea_bag=storage_area; water_bottle=storage_area
Gemini 3.1 Flash-Lite (prev GT),call_0031,153.73,wait,,,,"The kettle is currently boiling (blue LED is on). The robot has already set up the workspace, so it should wait for the water to finish boiling before the human proceeds with preparing the tea.",call_0025,151.21,boil_water,waiting,The kettle is currently boiling (blue LED on) and the workspace setup is complete; the human is waiting for the water to finish.,biscuits=working_area; cup=storage_area; kettle=kettle_area; milk_container=working_area; spoon=working_area; tea_bag=storage_area; water_bottle=storage_area
Gemini 3.1 Flash-Lite (prev GT),call_0032,157.51,wait,,,,"The kettle is currently boiling (blue LED is on). The robot has already set up the workspace, and the human is actively preparing the tea ingredients. The robot should wait for the boiling process to complete before proceeding to the next steps.",call_0026,157.51,boil_water,adding_ingredient,"The kettle is still heating (blue LED on) while the human is preparing ingredients, so the system is in the boiling phase.",biscuits=working_area; cup=storage_area; kettle=kettle_area; milk_container=working_area; spoon=working_area; tea_bag=storage_area; water_bottle=storage_area
Gemini 3.1 Flash-Lite (prev GT),call_0033,158.77,wait,,,,The kettle is currently boiling (blue LED is on). The human is actively preparing the ingredients. I should wait for the water to finish boiling before proceeding to the next step.,call_0026,157.51,boil_water,adding_ingredient,"The kettle is still heating (blue LED on) while the human is preparing ingredients, so the system is in the boiling phase.",biscuits=working_area; cup=working_area; kettle=kettle_area; milk_container=working_area; spoon=working_area; tea_bag=storage_area; water_bottle=storage_area
Gemini 3.1 Flash-Lite (prev GT),call_0034,163.81,act,pick_and_place_item,"{""item"":""tea_bag"",""destination"":""tea_bag_workplace"",""safe"":""safe_pose""}",0.95,"The kettle is currently boiling. I have already set up most of the workspace, but the tea bag is still in storage. I will bring it to the working area now to ensure everything is ready for the human when the water boils.",call_0027,163.81,boil_water,waiting,The kettle is currently boiling (blue LED on) and the workspace setup is complete; the human is waiting for the water to boil.,biscuits=working_area; cup=working_area; kettle=kettle_area; milk_container=working_area; spoon=working_area; tea_bag=storage_area; water_bottle=storage_area
Gemini 3.1 Flash-Lite (prev GT),call_0035,170.11,wait,,,,The kettle is currently boiling (blue LED is on). The workspace is already fully set up with all necessary items. The robot should wait for the water to finish boiling before the human proceeds with preparing the tea.,call_0028,170.11,boil_water,waiting,The kettle is currently boiling (blue LED on) and the workspace is already set up; the human is waiting for the water to finish.,biscuits=working_area; cup=working_area; kettle=kettle_area; milk_container=working_area; spoon=working_area; tea_bag=storage_area; water_bottle=storage_area
Gemini 3.1 Flash-Lite (prev GT),call_0036,176.41,act,pick_and_place_item,"{""item"":""tea_bag"",""destination"":""tea_bag_workplace"",""safe"":""safe_pose""}",1.0,"The kettle is currently boiling, which is the designated dead time for the robot to finish setting up the workspace. The tea bag is the only remaining item that needs to be moved to the working area.",call_0029,176.41,boil_water,waiting,"The kettle is currently boiling (blue LED is off, but water was previously set to boil), and the workspace setup is complete; the human is waiting for the water to finish.",biscuits=working_area; cup=working_area; kettle=kettle_area; milk_container=working_area; spoon=working_area; tea_bag=other; water_bottle=storage_area
Gemini 3.1 Flash-Lite (prev GT),call_0037,178.93,wait,,,,"The kettle is currently boiling. I have already set up the workspace, so I should wait for the water to finish boiling before the human proceeds with preparing the tea.",call_0029,176.41,boil_water,waiting,"The kettle is currently boiling (blue LED is off, but water was previously set to boil), and the workspace setup is complete; the human is waiting for the water to finish.",biscuits=working_area; cup=working_area; kettle=kettle_area; milk_container=working_area; spoon=working_area; tea_bag=storage_area; water_bottle=storage_area
Gemini 3.1 Flash-Lite (prev GT),call_0038,182.71,act,pick_and_place_item,"{""item"":""cup"",""destination"":""cup_workplace"",""safe"":""safe_pose""}",1.0,"The water has boiled and the workspace is mostly set up, but the cup is still in the storage area. I need to bring the cup to the working area so the human can finish preparing the tea.",call_0030,182.71,prepare_tea,adding_ingredient,The water has boiled and the workspace is set up; the human is now actively preparing the tea in the cup.,biscuits=working_area; cup=storage_area; kettle=kettle_area; milk_container=working_area; spoon=working_area; tea_bag=working_area; water_bottle=storage_area
Gemini 3.1 Flash-Lite (prev GT),call_0039,186.49,wait,,,,The human is currently in the process of preparing the tea. The robot should remain idle and wait for the human to finish the preparation steps before initiating any cleanup.,call_0030,182.71,prepare_tea,adding_ingredient,The water has boiled and the workspace is set up; the human is now actively preparing the tea in the cup.,biscuits=working_area; cup=working_area; kettle=kettle_area; milk_container=working_area; spoon=working_area; tea_bag=working_area; water_bottle=storage_area
Gemini 3.1 Flash-Lite (prev GT),call_0040,189.01,wait,,,,The human is currently in the process of preparing the tea (adding ingredients). The robot should remain idle and allow the human to complete the preparation steps before initiating cleanup.,call_0031,189.01,prepare_tea,adding_ingredient,The water has boiled and the workspace is set up; the human is now actively preparing the tea in the cup.,biscuits=working_area; cup=working_area; kettle=kettle_area; milk_container=working_area; spoon=working_area; tea_bag=working_area; water_bottle=storage_area
Gemini 3.1 Flash-Lite (prev GT),call_0041,195.31,wait,,,,The human is currently preparing the tea (adding ingredients). The robot should wait until the human finishes the preparation and the tea is ready before initiating the cleanup phase.,call_0032,195.31,prepare_tea,adding_ingredient,The water has boiled and the workspace is set up; the human is now actively preparing the tea by adding ingredients.,biscuits=working_area; cup=working_area; kettle=kettle_area; milk_container=working_area; spoon=working_area; tea_bag=working_area; water_bottle=storage_area
Gemini 3.1 Flash-Lite (prev GT),call_0042,201.61,wait,,,,The human is currently in the process of preparing the tea (adding the tea bag). The robot should remain idle and allow the human to complete the preparation steps.,call_0033,201.61,prepare_tea,adding_ingredient,The water has boiled and the workspace is set up; the human is currently adding a tea bag to the cup.,biscuits=working_area; cup=working_area; kettle=kettle_area; milk_container=working_area; spoon=working_area; tea_bag=working_area; water_bottle=storage_area
Gemini 3.1 Flash-Lite (prev GT),call_0043,207.91,wait,,,,"The human is currently in the process of preparing the tea. The robot should remain idle and allow the human to finish the preparation steps (adding ingredients, stirring) without interference.",call_0034,207.91,prepare_tea,adding_ingredient,The water has finished boiling and the workspace is set up; the human is now actively preparing the tea.,biscuits=working_area; cup=working_area; kettle=kettle_area; milk_container=working_area; spoon=working_area; tea_bag=working_area; water_bottle=storage_area
Gemini 3.1 Flash-Lite (prev GT),call_0044,214.21,wait,,,,The human is currently pouring the boiled water into the cup. I should wait for them to finish this step before initiating the cleanup process.,call_0035,214.21,prepare_tea,pouring_water,The human is currently pouring the boiled water from the kettle into the cup to prepare the tea.,biscuits=working_area; cup=working_area; kettle=kettle_area; milk_container=working_area; spoon=working_area; tea_bag=working_area; water_bottle=storage_area
Gemini 3.1 Flash-Lite (prev GT),call_0045,220.51,wait,,,,The human is currently in the process of preparing the tea (adding ingredients). The robot should wait for the human to finish before initiating the cleanup process.,call_0036,220.51,prepare_tea,adding_ingredient,The water has boiled and the human is now in the process of preparing the tea in the cup.,biscuits=working_area; cup=working_area; kettle=kettle_area; milk_container=working_area; spoon=working_area; tea_bag=working_area; water_bottle=storage_area
Gemini 3.1 Flash-Lite (prev GT),call_0046,224.29,act,pick_and_place_item,"{""item"":""cup"",""destination"":""cup_workplace"",""safe"":""home""}",0.95,"The water has boiled and the human is preparing the tea. The cup is still in the storage area, so I will bring it to the workspace to assist the human.",call_0036,220.51,prepare_tea,adding_ingredient,The water has boiled and the human is now in the process of preparing the tea in the cup.,biscuits=working_area; cup=storage_area; kettle=kettle_area; milk_container=working_area; spoon=working_area; tea_bag=working_area; water_bottle=storage_area
Gemini 3.1 Flash-Lite (prev GT),call_0047,226.81,act,pick_and_place_item,"{""item"":""cup"",""destination"":""cup_workplace"",""safe"":""home""}",0.95,The human is preparing the tea. The cup is still in the storage area and needs to be in the working area for the human to complete the task.,call_0037,226.81,prepare_tea,adding_ingredient,The water has boiled and the human is currently preparing the tea in the cup.,biscuits=working_area; cup=storage_area; kettle=kettle_area; milk_container=working_area; spoon=working_area; tea_bag=working_area; water_bottle=storage_area
Gemini 3.1 Flash-Lite (prev GT),call_0048,233.11,wait,,,,The human is currently in the process of preparing the tea (stirring). The robot should wait for the human to finish their preparation before initiating the cleanup phase.,call_0038,233.11,prepare_tea,stirring,"The water has boiled and the human is currently stirring the tea in the cup, indicating the preparation phase is underway.",biscuits=working_area; cup=storage_area; kettle=kettle_area; milk_container=working_area; spoon=working_area; tea_bag=working_area; water_bottle=storage_area
Gemini 3.1 Flash-Lite (prev GT),call_0049,238.15,wait,,,,The human is currently in the process of preparing the tea (stirring). The robot should wait for the human to finish this step before initiating the cleanup process.,call_0038,233.11,prepare_tea,stirring,"The water has boiled and the human is currently stirring the tea in the cup, indicating the preparation phase is underway.",biscuits=working_area; cup=working_area; kettle=kettle_area; milk_container=working_area; spoon=working_area; tea_bag=working_area; water_bottle=storage_area
Gemini 3.1 Flash-Lite (prev GT),call_0050,239.41,act,return_item_to_storage,"{""item"":""milk_container"",""destination"":""milk_container_storage"",""safe"":""safe_pose""}",0.9,"The human is currently stirring the tea, implying the preparation phase is nearly complete. I will begin the cleanup process by returning the milk container to storage.",call_0039,239.41,prepare_tea,stirring,"The human is actively stirring the tea in the cup, indicating the preparation phase is ongoing.",biscuits=working_area; cup=storage_area; kettle=kettle_area; milk_container=working_area; spoon=working_area; tea_bag=working_area; water_bottle=storage_area
Gemini 3.1 Flash-Lite (prev GT),call_0051,240.67,act,return_item_to_storage,"{""item"":""tea_bag"",""destination"":""tea_bag_storage"",""safe"":""home""}",0.9,"The human is currently stirring the tea, indicating the preparation phase is near completion. I will begin the cleanup process by returning the tea bag container to storage.",call_0039,239.41,prepare_tea,stirring,"The human is actively stirring the tea in the cup, indicating the preparation phase is ongoing.",biscuits=working_area; cup=working_area; kettle=kettle_area; milk_container=working_area; spoon=working_area; tea_bag=working_area; water_bottle=storage_area
Gemini 3.1 Flash-Lite (prev GT),call_0052,241.93,act,return_item_to_storage,"{""item"":""milk_container"",""destination"":""milk_container_storage"",""safe"":""home""}",0.9,"The human is currently stirring the tea, which is the final stage of preparation. I will begin the cleanup process by returning the milk container to storage.",call_0039,239.41,prepare_tea,stirring,"The human is actively stirring the tea in the cup, indicating the preparation phase is ongoing.",biscuits=working_area; cup=storage_area; kettle=kettle_area; milk_container=working_area; spoon=working_area; tea_bag=working_area; water_bottle=storage_area
Gemini 3.1 Flash-Lite (prev GT),call_0053,243.19,act,return_item_to_storage,"{""item"":""milk_container"",""destination"":""milk_container_storage"",""safe"":""safe_pose""}",0.9,The human is finishing the tea preparation (stirring). The robot should begin the cleanup process by returning items to storage.,call_0039,239.41,prepare_tea,stirring,"The human is actively stirring the tea in the cup, indicating the preparation phase is ongoing.",biscuits=working_area; cup=working_area; kettle=kettle_area; milk_container=working_area; spoon=working_area; tea_bag=working_area; water_bottle=storage_area
Gemini 3.1 Flash-Lite (prev GT),call_0054,244.45,act,return_item_to_storage,"{""item"":""milk_container"",""destination"":""milk_container_storage"",""safe"":""home""}",0.9,"The human is finishing the tea preparation, so I will begin cleaning up by returning the milk container to storage.",call_0039,239.41,prepare_tea,stirring,"The human is actively stirring the tea in the cup, indicating the preparation phase is ongoing.",biscuits=working_area; cup=working_area; kettle=kettle_area; milk_container=working_area; spoon=working_area; tea_bag=storage_area; water_bottle=storage_area
Gemini 3.1 Flash-Lite (prev GT),call_0055,245.71,act,return_item_to_storage,"{""item"":""milk_container"",""destination"":""milk_container_storage"",""safe"":""home""}",1.0,"The human has finished preparing the tea and is drinking, so the robot should begin the cleanup phase by returning the milk container to storage.",call_0040,245.71,cleanup,drinking,"The human has finished preparing the tea and is now drinking, indicating the cleanup phase is underway and the task is nearly complete.",biscuits=working_area; cup=working_area; kettle=kettle_area; milk_container=working_area; spoon=working_area; tea_bag=storage_area; water_bottle=storage_area
Gemini 3.1 Flash-Lite (prev GT),call_0056,249.49,act,return_item_to_storage,"{""item"":""milk_container"",""destination"":""milk_container_storage"",""safe"":""safe_pose""}",1.0,The human has finished preparing the tea and is drinking. It is time to start the cleanup phase by returning the milk container to storage.,call_0040,245.71,cleanup,drinking,"The human has finished preparing the tea and is now drinking, indicating the cleanup phase is underway and the task is nearly complete.",biscuits=working_area; cup=working_area; kettle=kettle_area; milk_container=storage_area; spoon=working_area; tea_bag=storage_area; water_bottle=storage_area
Gemini 3.1 Flash-Lite (prev GT),call_0057,252.01,act,return_item_to_storage,"{""item"":""milk_container"",""destination"":""milk_container_storage"",""safe"":""home""}",0.9,The human has finished preparing the tea. The robot should now begin the cleanup process by returning the milk container to storage.,call_0041,252.01,prepare_tea,adding_ingredient,"The human is actively preparing the tea in the cup, having already boiled the water and set up the workspace.",biscuits=working_area; cup=working_area; kettle=kettle_area; milk_container=storage_area; spoon=working_area; tea_bag=storage_area; water_bottle=storage_area
Gemini 3.1 Flash-Lite (prev GT),call_0058,258.31,act,return_item_to_storage,"{""item"":""milk_container"",""destination"":""milk_container_storage"",""safe"":""safe_pose""}",1.0,The tea preparation is complete. I am beginning the cleanup process by returning the milk container to storage.,call_0042,258.31,task_complete,done,"The tea preparation is finished and the workspace is clear, indicating the task is complete.",biscuits=working_area; cup=working_area; kettle=kettle_area; milk_container=storage_area; spoon=working_area; tea_bag=storage_area; water_bottle=storage_area
Gemini 3.1 Flash-Lite (prev GT),call_0059,264.61,act,return_item_to_storage,"{""item"":""milk_container"",""destination"":""milk_container_storage"",""safe"":""home""}",1.0,The human has finished preparing the tea. I am initiating the cleanup process by returning the milk container to storage.,call_0043,264.61,cleanup,done,"The human has finished preparing the tea and is no longer interacting with the workspace, so the system is in the final cleanup phase before completion.",biscuits=working_area; cup=working_area; kettle=kettle_area; milk_container=storage_area; spoon=working_area; tea_bag=storage_area; water_bottle=storage_area
Gemini 3.1 Flash-Lite (standard),call_0001,0.00,act,bring_water_bottle,,1.0,"The human has opened the kettle lid, signalling the start of the tea-making process. The next logical step is to provide the water bottle so the human can pour water into the kettle.",call_0001,0.00,open_kettle_lid,opening_lid,"The human has opened the kettle lid, signalling the start of the tea-making process.",biscuits=unknown; cup=unknown; kettle=kettle_area; milk_container=unknown; spoon=unknown; tea_bag=unknown; water_bottle=unknown
Gemini 3.1 Flash-Lite (standard),call_0002,6.30,act,bring_water_bottle,,1.0,"The human has opened the kettle lid, signaling the intent to make tea. The next required step is to bring the water bottle from storage to the working area so the human can pour the water.",call_0002,6.30,bring_water_bottle,waiting,The human has opened the kettle lid and is waiting for the water bottle to be brought to the working area to proceed with filling.,biscuits=working_area; cup=storage_area; kettle=kettle_area; milk_container=working_area; spoon=working_area; tea_bag=storage_area; water_bottle=storage_area
Gemini 3.1 Flash-Lite (standard),call_0003,12.60,act,bring_water_bottle,,1.0,"The human has opened the kettle lid, signaling the start of the task. The robot must now bring the water bottle to the working area so the human can pour water into the kettle.",call_0003,12.60,bring_water_bottle,waiting,The human has opened the kettle lid and is waiting for the robot to bring the water bottle so they can proceed with pouring water.,biscuits=working_area; cup=storage_area; kettle=kettle_area; milk_container=working_area; spoon=working_area; tea_bag=storage_area; water_bottle=storage_area
Gemini 3.1 Flash-Lite (standard),call_0004,18.90,act,bring_water_bottle,,1.0,"The kettle lid is open, signaling the human is ready to make tea. I need to bring the water bottle to the working area so the human can pour the water.",call_0004,18.90,bring_water_bottle,waiting,The kettle lid is open and the human is waiting for the robot to bring the water bottle to the working area.,biscuits=working_area; cup=storage_area; kettle=kettle_area; milk_container=working_area; spoon=working_area; tea_bag=storage_area; water_bottle=storage_area
Gemini 3.1 Flash-Lite (standard),call_0005,25.20,act,bring_water_bottle,,1.0,"The human has opened the kettle lid, signaling the start of the tea-making process. The water bottle is currently in storage, so the robot must bring it to the working area for the human to pour water into the kettle.",call_0005,25.20,bring_water_bottle,waiting,The robot is currently in the process of moving the water bottle to the working area as requested.,biscuits=working_area; cup=storage_area; kettle=kettle_area; milk_container=working_area; spoon=working_area; tea_bag=storage_area; water_bottle=storage_area
Gemini 3.1 Flash-Lite (standard),call_0006,31.50,wait,,,,The robot is currently in the process of delivering the water bottle to the human. I must wait for the human to finish pouring the water into the kettle before proceeding to the next steps.,call_0006,31.50,bring_water_bottle,waiting,"The robot is currently delivering the water bottle to the human, who is waiting to pour the water.",biscuits=working_area; cup=storage_area; kettle=kettle_area; milk_container=working_area; spoon=working_area; tea_bag=storage_area; water_bottle=working_area
Gemini 3.1 Flash-Lite (standard),call_0007,37.80,wait,,,,The robot has already brought the water bottle to the human. The human is currently holding the water bottle and is about to pour water into the kettle. The robot must wait for the human to finish pouring before it can proceed to close the lid and turn on the kettle.,call_0007,37.80,bring_water_bottle,waiting,"The robot has successfully brought the water bottle to the human, who is now ready to pour the water into the kettle.",biscuits=working_area; cup=storage_area; kettle=kettle_area; milk_container=working_area; spoon=working_area; tea_bag=storage_area; water_bottle=working_area
Gemini 3.1 Flash-Lite (standard),call_0008,44.10,wait,,,,The human is currently in the middle of pouring water into the kettle. I must wait for them to finish this action before I can proceed with closing the lid and turning on the kettle.,call_0008,44.10,pour_water_into_kettle,pouring_water,The human is currently pouring water from the bottle into the open kettle.,biscuits=working_area; cup=storage_area; kettle=kettle_area; milk_container=working_area; spoon=working_area; tea_bag=storage_area; water_bottle=working_area
Gemini 3.1 Flash-Lite (standard),call_0009,50.40,wait,,,,The human is currently pouring water into the kettle. I must wait for them to finish and close the lid before I can proceed with the next steps.,call_0009,50.40,pour_water_into_kettle,pouring_water,The human has finished pouring the water and is about to close the kettle lid.,biscuits=working_area; cup=storage_area; kettle=kettle_area; milk_container=working_area; spoon=working_area; tea_bag=storage_area; water_bottle=storage_area
Gemini 3.1 Flash-Lite (standard),call_0010,51.66,act,close_lid_and_turn_on,,0.95,The human has finished pouring the water and the kettle lid is open. Closing the lid and turning on the kettle is the next logical step to begin the boiling process.,call_0009,50.40,pour_water_into_kettle,pouring_water,The human has finished pouring the water and is about to close the kettle lid.,biscuits=working_area; cup=storage_area; kettle=kettle_area; milk_container=working_area; spoon=working_area; tea_bag=storage_area; water_bottle=working_area
Gemini 3.1 Flash-Lite (standard),call_0011,52.92,wait,,,,The human is currently finishing the pouring of water into the kettle. I must wait for them to finish and close the lid before I can proceed with the next steps.,call_0009,50.40,pour_water_into_kettle,pouring_water,The human has finished pouring the water and is about to close the kettle lid.,biscuits=working_area; cup=storage_area; kettle=kettle_area; milk_container=working_area; spoon=working_area; tea_bag=storage_area; water_bottle=storage_area
Gemini 3.1 Flash-Lite (standard),call_0012,55.44,wait,,,,The human is currently holding the water bottle and finishing the pouring process. I must wait for them to finish pouring and close the kettle lid before I can proceed with closing the lid and turning on the kettle.,call_0009,50.40,pour_water_into_kettle,pouring_water,The human has finished pouring the water and is about to close the kettle lid.,biscuits=working_area; cup=storage_area; kettle=kettle_area; milk_container=working_area; spoon=working_area; tea_bag=storage_area; water_bottle=working_area
Gemini 3.1 Flash-Lite (standard),call_0013,56.70,wait,,,,The human is currently in the process of pouring water into the kettle. I must wait for them to finish this action before I can proceed with closing the lid and turning on the kettle.,call_0010,56.70,pour_water_into_kettle,pouring_water,"The human is currently pouring water into the kettle; once finished, they will close the lid.",biscuits=working_area; cup=storage_area; kettle=kettle_area; milk_container=working_area; spoon=working_area; tea_bag=storage_area; water_bottle=working_area
Gemini 3.1 Flash-Lite (standard),call_0014,63.00,wait,,,,The human is currently in the process of pouring water into the kettle. I must wait for them to finish and close the lid before I can proceed with closing the kettle and turning it on.,call_0011,63.00,pour_water_into_kettle,pouring_water,"The human is currently pouring water into the kettle; once finished, they will close the lid.",biscuits=working_area; cup=storage_area; kettle=kettle_area; milk_container=working_area; spoon=working_area; tea_bag=storage_area; water_bottle=working_area
Gemini 3.1 Flash-Lite (standard),call_0015,69.30,wait,,,,The human is currently pouring water into the kettle. I must wait for them to finish and close the lid before I can proceed with closing the kettle lid and turning it on.,call_0012,69.30,pour_water_into_kettle,pouring_water,The human is finishing pouring water into the kettle and will soon close the lid to proceed.,biscuits=working_area; cup=storage_area; kettle=kettle_area; milk_container=working_area; spoon=working_area; tea_bag=storage_area; water_bottle=working_area
Gemini 3.1 Flash-Lite (standard),call_0016,75.60,act,return_water_bottle,,1.0,The water has been poured and the kettle is heating. I should return the water bottle to storage to clear the workspace before bringing the remaining tea-making items.,call_0013,75.60,boil_water,waiting,The kettle is currently heating (blue LED on) and the robot is in the process of setting up the workspace while the human waits for the water to boil.,biscuits=working_area; cup=storage_area; kettle=kettle_area; milk_container=working_area; spoon=working_area; tea_bag=storage_area; water_bottle=working_area
Gemini 3.1 Flash-Lite (standard),call_0017,81.90,act,pick_and_place_item,"{""item"":""cup"",""destination"":""cup_workplace"",""safe"":""safe_pose""}",1.0,"The kettle is currently boiling. I have already set up most items, and the cup is still in storage. I will bring the cup to the workspace now to ensure everything is ready for the human when the water boils.",call_0014,81.90,boil_water,waiting,The kettle is still heating (blue LED on) and the robot is continuing to set up the workspace for the human.,biscuits=working_area; cup=storage_area; kettle=kettle_area; milk_container=working_area; spoon=working_area; tea_bag=storage_area; water_bottle=working_area
Gemini 3.1 Flash-Lite (standard),call_0018,88.20,act,pick_and_place_item,"{""item"":""cup"",""destination"":""cup_workplace"",""safe"":""home""}",0.95,The kettle is currently boiling. I am using this time to proactively retrieve the cup from storage to the working area to prepare for the tea-making process.,call_0015,88.20,boil_water,waiting,The kettle is still heating (blue LED on) and the robot is in the process of finalizing the workspace setup.,biscuits=working_area; cup=storage_area; kettle=kettle_area; milk_container=working_area; spoon=working_area; tea_bag=storage_area; water_bottle=working_area
Gemini 3.1 Flash-Lite (standard),call_0019,94.50,wait,,,,The kettle is currently boiling (blue LED is on). All necessary items have already been set up in the workspace. The robot should wait for the water to finish boiling before the human proceeds with preparing the tea.,call_0016,94.50,boil_water,waiting,The kettle is currently boiling (blue LED on) and all workspace items have been successfully retrieved; the human is waiting for the water to boil.,biscuits=working_area; cup=storage_area; kettle=kettle_area; milk_container=working_area; spoon=working_area; tea_bag=storage_area; water_bottle=working_area
Gemini 3.1 Flash-Lite (standard),call_0020,100.80,act,pick_and_place_item,"{""item"":""cup"",""destination"":""cup_workplace"",""safe"":""home""}",1.0,The kettle is currently boiling. I am proactively bringing the cup from storage to the workspace to prepare for the tea-making process.,call_0017,100.80,boil_water,waiting,"The kettle is still heating (blue LED is on), so the system remains in the boiling phase while the human waits.",biscuits=working_area; cup=storage_area; kettle=kettle_area; milk_container=working_area; spoon=working_area; tea_bag=storage_area; water_bottle=working_area
Gemini 3.1 Flash-Lite (standard),call_0021,105.84,act,return_water_bottle,,1.0,The water has been poured and the kettle is on. I must return the water bottle to storage before I can proceed with setting up the remaining items in the workspace.,call_0017,100.80,boil_water,waiting,"The kettle is still heating (blue LED is on), so the system remains in the boiling phase while the human waits.",biscuits=working_area; cup=storage_area; kettle=kettle_area; milk_container=working_area; spoon=working_area; tea_bag=storage_area; water_bottle=storage_area
Gemini 3.1 Flash-Lite (standard),call_0022,107.10,act,return_water_bottle,"{""item"":""water_bottle"",""destination"":""water_bottle_storage"",""safe"":""safe_pose""}",1.0,The water has been poured and the kettle is on. The water bottle is no longer needed in the workspace and should be returned to storage before the robot proceeds to fetch other items.,call_0018,107.10,boil_water,waiting,"The kettle is still heating (blue LED is on), so the system remains in the boiling phase while the human waits.",biscuits=working_area; cup=storage_area; kettle=kettle_area; milk_container=working_area; spoon=working_area; tea_bag=storage_area; water_bottle=storage_area
Gemini 3.1 Flash-Lite (standard),call_0023,113.40,act,pick_and_place_item,"{""item"":""cup"",""destination"":""cup_workplace"",""safe"":""home""}",1.0,The kettle is currently boiling. I am using this time to proactively move the cup from storage to the working area to prepare for the next step.,call_0019,113.40,boil_water,waiting,"The kettle is still heating (blue LED is on), so the system remains in the boiling phase while the human waits.",biscuits=working_area; cup=storage_area; kettle=kettle_area; milk_container=working_area; spoon=working_area; tea_bag=storage_area; water_bottle=storage_area
Gemini 3.1 Flash-Lite (standard),call_0024,119.70,act,pick_and_place_item,"{""item"":""cup"",""destination"":""cup_workplace"",""safe"":""home""}",1.0,The kettle is currently boiling. I will use this time to bring the remaining items (cup and tea bag) from storage to the working area so everything is ready for the human.,call_0020,119.70,boil_water,waiting,"The kettle blue LED is still lit, indicating the water is currently boiling.",biscuits=working_area; cup=storage_area; kettle=kettle_area; milk_container=working_area; spoon=working_area; tea_bag=storage_area; water_bottle=storage_area
Gemini 3.1 Flash-Lite (standard),call_0025,126.00,act,pick_and_place_item,"{""item"":""cup"",""destination"":""cup_workplace"",""safe"":""home""}",1.0,The kettle is currently boiling. I will use this time to bring the cup from storage to the workspace to prepare for tea making.,call_0021,126.00,boil_water,waiting,"The kettle's blue LED is still illuminated, indicating the water is currently boiling.",biscuits=working_area; cup=storage_area; kettle=kettle_area; milk_container=working_area; spoon=working_area; tea_bag=storage_area; water_bottle=storage_area
Gemini 3.1 Flash-Lite (standard),call_0026,132.31,act,pick_and_place_item,"{""item"":""tea_bag"",""destination"":""tea_bag_workplace"",""safe"":""safe_pose""}",1.0,The kettle is currently boiling (blue LED on). I should use this time to bring the remaining items from storage to the workspace. The tea bag is still in storage.,call_0022,132.31,boil_water,waiting,"The kettle's blue LED remains illuminated, indicating the water is still boiling.",biscuits=working_area; cup=storage_area; kettle=kettle_area; milk_container=working_area; spoon=working_area; tea_bag=storage_area; water_bottle=storage_area
Gemini 3.1 Flash-Lite (standard),call_0027,138.60,act,pick_and_place_item,"{""item"":""tea_bag"",""destination"":""tea_bag_workplace"",""safe"":""safe_pose""}",1.0,The kettle is currently boiling. I am proactively moving the tea bag to the workspace to prepare for the next step.,call_0023,138.60,boil_water,waiting,"The kettle's blue LED is still illuminated, indicating the water is currently boiling.",biscuits=working_area; cup=storage_area; kettle=kettle_area; milk_container=working_area; spoon=working_area; tea_bag=storage_area; water_bottle=storage_area
Gemini 3.1 Flash-Lite (standard),call_0028,139.87,wait,,,,"The kettle is currently boiling (blue LED is on). I have already set up the workspace, so I will wait for the kettle to finish boiling before the human proceeds with preparing the tea.",call_0023,138.60,boil_water,waiting,"The kettle's blue LED is still illuminated, indicating the water is currently boiling.",biscuits=working_area; cup=working_area; kettle=kettle_area; milk_container=working_area; spoon=working_area; tea_bag=storage_area; water_bottle=storage_area
Gemini 3.1 Flash-Lite (standard),call_0029,144.91,act,pick_and_place_item,"{""item"":""tea_bag"",""destination"":""tea_bag_workplace"",""safe"":""safe_pose""}",1.0,The kettle is currently boiling (blue LED on). This is the ideal time to retrieve the remaining tea-making ingredient (the tea bag) from storage to the working area.,call_0024,144.91,boil_water,waiting,"The kettle's blue LED is still illuminated, indicating the water is currently boiling.",biscuits=working_area; cup=working_area; kettle=kettle_area; milk_container=working_area; spoon=working_area; tea_bag=storage_area; water_bottle=storage_area
Gemini 3.1 Flash-Lite (standard),call_0030,151.21,act,pick_and_place_item,"{""item"":""tea_bag"",""destination"":""tea_bag_workplace"",""safe"":""home""}",1.0,"The kettle is currently boiling. I have already set up most items, but the tea bag is still in storage. I will retrieve it now to complete the workspace setup while the water boils.",call_0025,151.21,boil_water,waiting,"The kettle's blue LED is still illuminated, indicating the water is currently boiling.",biscuits=working_area; cup=working_area; kettle=kettle_area; milk_container=working_area; spoon=working_area; tea_bag=storage_area; water_bottle=storage_area
Gemini 3.1 Flash-Lite (standard),call_0031,153.73,wait,,,,"The kettle is currently boiling (blue LED is on). I have already set up the workspace with the spoon, milk container, and biscuits. I am waiting for the human to finish their current preparation steps or for the kettle to finish boiling before I bring the remaining items (cup and tea bag) from storage.",call_0025,151.21,boil_water,waiting,"The kettle's blue LED is still illuminated, indicating the water is currently boiling.",biscuits=working_area; cup=storage_area; kettle=kettle_area; milk_container=working_area; spoon=working_area; tea_bag=storage_area; water_bottle=storage_area
Gemini 3.1 Flash-Lite (standard),call_0032,157.51,wait,,,,The kettle is currently boiling (blue LED is on). The human is actively preparing the tea ingredients in the workspace. I should wait for the boiling process to complete before initiating any further actions.,call_0026,157.51,boil_water,waiting,"The kettle's blue LED is still illuminated, indicating the water is currently boiling.",biscuits=working_area; cup=storage_area; kettle=kettle_area; milk_container=working_area; spoon=working_area; tea_bag=storage_area; water_bottle=storage_area
Gemini 3.1 Flash-Lite (standard),call_0033,158.77,wait,,,,"The kettle is currently boiling (blue LED is on). I have already set up the workspace, so I should wait for the water to finish boiling before the human proceeds with preparing the tea.",call_0026,157.51,boil_water,waiting,"The kettle's blue LED is still illuminated, indicating the water is currently boiling.",biscuits=working_area; cup=working_area; kettle=kettle_area; milk_container=working_area; spoon=working_area; tea_bag=storage_area; water_bottle=storage_area
Gemini 3.1 Flash-Lite (standard),call_0034,163.81,act,pick_and_place_item,"{""item"":""tea_bag"",""destination"":""tea_bag_workplace"",""safe"":""safe_pose""}",1.0,"The kettle is currently boiling (blue LED is on). I have already set up the other items, but the tea bag is still in storage. Moving it now utilizes the dead time while the water boils.",call_0027,163.81,boil_water,waiting,"The kettle's blue LED is still illuminated, indicating the water is currently boiling.",biscuits=working_area; cup=working_area; kettle=kettle_area; milk_container=working_area; spoon=working_area; tea_bag=storage_area; water_bottle=storage_area
Gemini 3.1 Flash-Lite (standard),call_0035,170.11,wait,,,,"The kettle is currently boiling (blue LED is on). The robot has already set up the workspace, so it should wait for the water to finish boiling before the human proceeds to prepare the tea.",call_0028,170.11,boil_water,waiting,"The kettle's blue LED is still illuminated, indicating the water is currently boiling.",biscuits=working_area; cup=working_area; kettle=kettle_area; milk_container=working_area; spoon=working_area; tea_bag=storage_area; water_bottle=storage_area
Gemini 3.1 Flash-Lite (standard),call_0036,176.41,act,pick_and_place_item,"{""item"":""tea_bag"",""destination"":""tea_bag_workplace"",""safe"":""safe_pose""}",1.0,"The kettle is currently boiling. I have already set up the other items, but the tea bag is still in storage. I will bring it to the workspace now to complete the setup while the water boils.",call_0029,176.41,boil_water,waiting,The kettle is currently heating and the blue LED is on; the human is waiting for the water to boil.,biscuits=working_area; cup=working_area; kettle=kettle_area; milk_container=working_area; spoon=working_area; tea_bag=other; water_bottle=storage_area
Gemini 3.1 Flash-Lite (standard),call_0037,178.93,act,return_water_bottle,,1.0,The water has been poured and the kettle is on. The water bottle is no longer needed in the workspace and should be returned to storage to clear the area.,call_0029,176.41,boil_water,waiting,The kettle is currently heating and the blue LED is on; the human is waiting for the water to boil.,biscuits=working_area; cup=working_area; kettle=kettle_area; milk_container=working_area; spoon=working_area; tea_bag=storage_area; water_bottle=storage_area
Gemini 3.1 Flash-Lite (standard),call_0038,182.71,act,pick_and_place_item,"{""item"":""cup"",""destination"":""cup_workplace"",""safe"":""home""}",1.0,"The kettle is currently boiling, which is the perfect time to bring the remaining item (the cup) from storage to the workspace to prepare for the tea-making process.",call_0030,182.71,boil_water,waiting,The kettle is currently boiling water and the human is waiting for the process to complete.,biscuits=working_area; cup=storage_area; kettle=kettle_area; milk_container=working_area; spoon=working_area; tea_bag=working_area; water_bottle=storage_area
Gemini 3.1 Flash-Lite (standard),call_0039,186.49,wait,,,,"The kettle is currently boiling (blue LED is on). The robot has already completed the setup of the workspace, so it should wait for the water to finish boiling before the human proceeds with preparing the tea.",call_0030,182.71,boil_water,waiting,The kettle is currently boiling water and the human is waiting for the process to complete.,biscuits=working_area; cup=working_area; kettle=kettle_area; milk_container=working_area; spoon=working_area; tea_bag=working_area; water_bottle=storage_area
Gemini 3.1 Flash-Lite (standard),call_0040,189.01,wait,,,,The kettle is currently boiling (blue LED is on). The robot should wait for the water to finish boiling before the human proceeds to prepare the tea.,call_0031,189.01,boil_water,waiting,The kettle is currently heating (blue LED is on) and the human is waiting for the water to boil.,biscuits=working_area; cup=working_area; kettle=kettle_area; milk_container=working_area; spoon=working_area; tea_bag=working_area; water_bottle=storage_area
Gemini 3.1 Flash-Lite (standard),call_0041,195.31,wait,,,,The kettle is currently boiling (blue LED is on). The workspace is already set up with all necessary items. I should wait for the boiling process to complete before the human proceeds to prepare the tea.,call_0032,195.31,boil_water,waiting,The kettle is still heating (blue LED visible on the robot gripper/kettle area) and the human is waiting for the water to boil.,biscuits=working_area; cup=working_area; kettle=kettle_area; milk_container=working_area; spoon=working_area; tea_bag=working_area; water_bottle=storage_area
Gemini 3.1 Flash-Lite (standard),call_0042,201.61,wait,,,,The human is currently in the process of preparing the tea (adding the tea bag). The robot should wait until the human has finished preparing the tea before initiating the cleanup process.,call_0033,201.61,prepare_tea,adding_ingredient,The kettle has finished boiling (blue LED is off) and the human is actively adding a tea bag to the cup.,biscuits=working_area; cup=working_area; kettle=kettle_area; milk_container=working_area; spoon=working_area; tea_bag=working_area; water_bottle=storage_area
Gemini 3.1 Flash-Lite (standard),call_0043,207.91,wait,,,,The human is currently in the process of preparing the tea (adding ingredients). The robot should wait for the human to finish before initiating the cleanup process.,call_0034,207.91,prepare_tea,adding_ingredient,The water has boiled and the human is in the process of adding ingredients to the cup to prepare the tea.,biscuits=working_area; cup=working_area; kettle=kettle_area; milk_container=working_area; spoon=working_area; tea_bag=working_area; water_bottle=storage_area
Gemini 3.1 Flash-Lite (standard),call_0044,214.21,wait,,,,"The human is currently in the process of pouring the boiled water into the cup. The robot should wait for the human to finish this step before attempting any further actions, such as cleanup.",call_0035,214.21,prepare_tea,pouring_water,The human is currently pouring the boiled water from the kettle into the cup to continue preparing the tea.,biscuits=working_area; cup=working_area; kettle=kettle_area; milk_container=working_area; spoon=working_area; tea_bag=working_area; water_bottle=storage_area
Gemini 3.1 Flash-Lite (standard),call_0045,220.51,wait,,,,"The human is currently in the process of preparing the tea (adding ingredients). The robot has already completed the setup and boiling phases, and there are no further actions required until the human finishes preparing the tea and signals completion.",call_0036,220.51,prepare_tea,adding_ingredient,The human has finished pouring the water and is now proceeding with adding ingredients to the cup to prepare the tea.,biscuits=working_area; cup=working_area; kettle=kettle_area; milk_container=working_area; spoon=working_area; tea_bag=working_area; water_bottle=storage_area
Gemini 3.1 Flash-Lite (standard),call_0046,224.29,act,pick_and_place_item,"{""item"":""cup"",""destination"":""cup_workplace"",""safe"":""home""}",1.0,"The human is preparing the tea and needs the cup, which is currently in the storage area. I will bring it to the working area to facilitate the process.",call_0036,220.51,prepare_tea,adding_ingredient,The human has finished pouring the water and is now proceeding with adding ingredients to the cup to prepare the tea.,biscuits=working_area; cup=storage_area; kettle=kettle_area; milk_container=working_area; spoon=working_area; tea_bag=working_area; water_bottle=storage_area
Gemini 3.1 Flash-Lite (standard),call_0047,226.81,act,pick_and_place_item,"{""item"":""cup"",""destination"":""cup_workplace"",""safe"":""safe_pose""}",1.0,"The human is preparing the tea. The cup is still in the storage area, so I will bring it to the working area to assist with the preparation.",call_0037,226.81,prepare_tea,adding_ingredient,The human is actively preparing the tea by adding ingredients to the cup after the water has boiled.,biscuits=working_area; cup=storage_area; kettle=kettle_area; milk_container=working_area; spoon=working_area; tea_bag=working_area; water_bottle=storage_area
Gemini 3.1 Flash-Lite (standard),call_0048,233.11,act,pick_and_place_item,"{""item"":""cup"",""destination"":""cup_workplace"",""safe"":""safe_pose""}",1.0,The human is currently preparing the tea. The cup is still in the storage area and is required for the preparation process. I will bring it to the working area to assist.,call_0038,233.11,prepare_tea,adding_ingredient,The human is actively preparing the tea by adding ingredients to the cup after the water has boiled.,biscuits=working_area; cup=storage_area; kettle=kettle_area; milk_container=working_area; spoon=working_area; tea_bag=working_area; water_bottle=storage_area
Gemini 3.1 Flash-Lite (standard),call_0049,238.15,wait,,,,The human is currently in the middle of preparing the tea (adding ingredients). The robot should remain idle and allow the human to finish the preparation process before initiating cleanup.,call_0038,233.11,prepare_tea,adding_ingredient,The human is actively preparing the tea by adding ingredients to the cup after the water has boiled.,biscuits=working_area; cup=working_area; kettle=kettle_area; milk_container=working_area; spoon=working_area; tea_bag=working_area; water_bottle=storage_area
Gemini 3.1 Flash-Lite (standard),call_0050,239.41,act,return_item_to_storage,"{""item"":""milk_container"",""destination"":""milk_container_storage"",""safe"":""home""}",0.9,The human is finishing the tea preparation (stirring). I will begin cleaning up the workspace by returning the milk container to storage.,call_0039,239.41,prepare_tea,stirring,"The human is currently stirring the tea, indicating the preparation phase is nearing completion.",biscuits=working_area; cup=storage_area; kettle=kettle_area; milk_container=working_area; spoon=working_area; tea_bag=working_area; water_bottle=storage_area
Gemini 3.1 Flash-Lite (standard),call_0051,240.67,act,return_item_to_storage,"{""item"":""tea_bag"",""destination"":""tea_bag_storage"",""safe"":""home""}",0.9,The human is finishing the tea preparation (stirring). I will start the cleanup process by returning the tea bag container to storage.,call_0039,239.41,prepare_tea,stirring,"The human is currently stirring the tea, indicating the preparation phase is nearing completion.",biscuits=working_area; cup=working_area; kettle=kettle_area; milk_container=working_area; spoon=working_area; tea_bag=working_area; water_bottle=storage_area
Gemini 3.1 Flash-Lite (standard),call_0052,241.93,act,pick_and_place_item,"{""item"":""cup"",""destination"":""cup_workplace"",""safe"":""home""}",0.95,"The human is currently preparing the tea. The cup is still in the storage area, and it is needed for the preparation process. I will move it to the working area to assist.",call_0039,239.41,prepare_tea,stirring,"The human is currently stirring the tea, indicating the preparation phase is nearing completion.",biscuits=working_area; cup=storage_area; kettle=kettle_area; milk_container=working_area; spoon=working_area; tea_bag=working_area; water_bottle=storage_area
Gemini 3.1 Flash-Lite (standard),call_0053,243.19,act,return_item_to_storage,"{""item"":""milk_container"",""destination"":""milk_container_storage"",""safe"":""home""}",0.9,The human is finishing the preparation of the tea. I will begin the cleanup process by returning the milk container to storage.,call_0039,239.41,prepare_tea,stirring,"The human is currently stirring the tea, indicating the preparation phase is nearing completion.",biscuits=working_area; cup=working_area; kettle=kettle_area; milk_container=working_area; spoon=working_area; tea_bag=working_area; water_bottle=storage_area
Gemini 3.1 Flash-Lite (standard),call_0054,244.45,wait,,,,"The human is currently stirring the tea, which is the final step of the preparation process. I should wait for them to finish before initiating the cleanup phase.",call_0039,239.41,prepare_tea,stirring,"The human is currently stirring the tea, indicating the preparation phase is nearing completion.",biscuits=working_area; cup=working_area; kettle=kettle_area; milk_container=working_area; spoon=working_area; tea_bag=storage_area; water_bottle=storage_area
Gemini 3.1 Flash-Lite (standard),call_0055,245.71,act,return_item_to_storage,"{""item"":""milk_container"",""destination"":""milk_container_storage"",""safe"":""safe_pose""}",0.9,"The human has finished preparing the tea and is currently drinking, so I can begin the cleanup process by returning the milk container to storage.",call_0040,245.71,prepare_tea,drinking,"The human has finished preparing the tea and is now holding the cup, indicating the preparation phase is complete and cleanup is next.",biscuits=working_area; cup=working_area; kettle=kettle_area; milk_container=working_area; spoon=working_area; tea_bag=storage_area; water_bottle=storage_area
Gemini 3.1 Flash-Lite (standard),call_0056,249.49,act,return_item_to_storage,"{""item"":""milk_container"",""destination"":""milk_container_storage"",""safe"":""safe_pose""}",0.95,"The human has finished preparing the tea and is drinking, so the robot should begin cleaning up the workspace by returning the milk container to storage.",call_0040,245.71,prepare_tea,drinking,"The human has finished preparing the tea and is now holding the cup, indicating the preparation phase is complete and cleanup is next.",biscuits=working_area; cup=working_area; kettle=kettle_area; milk_container=storage_area; spoon=working_area; tea_bag=storage_area; water_bottle=storage_area
Gemini 3.1 Flash-Lite (standard),call_0057,252.01,act,return_item_to_storage,"{""item"":""milk_container"",""destination"":""milk_container_storage"",""safe"":""home""}",0.95,The human has finished preparing and drinking the tea. The robot is now performing cleanup by returning the milk container to storage.,call_0041,252.01,cleanup,idle,"The human has finished preparing and drinking the tea, and is now transitioning to cleaning up the workspace.",biscuits=working_area; cup=working_area; kettle=kettle_area; milk_container=storage_area; spoon=working_area; tea_bag=storage_area; water_bottle=storage_area
Gemini 3.1 Flash-Lite (standard),call_0058,258.31,act,return_item_to_storage,"{""item"":""milk_container"",""destination"":""milk_container_storage"",""safe"":""safe_pose""}",1.0,"The tea preparation is complete, so the robot should begin cleaning up by returning the milk container to storage.",call_0042,258.31,cleanup,idle,"The human has finished preparing and drinking the tea, and is currently in the cleanup phase.",biscuits=working_area; cup=working_area; kettle=kettle_area; milk_container=storage_area; spoon=working_area; tea_bag=storage_area; water_bottle=storage_area
Gemini 3.1 Flash-Lite (standard),call_0059,264.61,wait,,,,The task is already complete and the human has finished preparing and consuming the tea. No further actions are required.,call_0043,264.61,task_complete,done,"The tea preparation and cleanup are finished, and the human has left the working area, marking the task as complete.",biscuits=working_area; cup=working_area; kettle=kettle_area; milk_container=storage_area; spoon=working_area; tea_bag=storage_area; water_bottle=storage_area
